Employee_ID,Age,Gender,Department,Education_Level,Years_Experience,Salary,Training_Hours,Job_Role,Work_Environment_Satisfaction,Last_Performance_Rating,Projects_Handled,Overtime,Performance
1,40,Male,Marketing,Bachelors,17,133276,55,Consultant,5,4,10,Yes,High
2,41,Male,Finance,Bachelors,16,74624,85,Analyst,1,5,7,No,High
3,28,Male,Finance,Bachelors,1,130526,73,Manager,3,2,7,Yes,Medium
4,33,Male,Marketing,Bachelors,2,89150,13,Consultant,1,1,8,No,Low
5,27,Male,Marketing,Bachelors,3,69071,90,Executive,3,2,5,Yes,Medium
6,26,Female,HR,Masters,1,67183,57,Executive,4,5,5,No,High
7,33,Male,Sales,Masters,5,134360,48,Analyst,1,2,9,No,Low
8,30,Male,Finance,PhD,7,44595,17,Engineer,2,1,4,Yes,Low
9,36,Female,HR,PhD,13,98528,91,Manager,1,5,9,No,High
10,48,Female,IT,Bachelors,25,148049,37,Consultant,3,3,12,No,Medium
11,25,Female,IT,PhD,1,95966,68,Manager,4,5,11,Yes,High
12,53,Male,Sales,Bachelors,27,144453,86,Manager,1,3,2,No,Medium
13,54,Female,HR,Masters,12,30681,62,Consultant,1,5,5,No,Medium
14,53,Female,Sales,Bachelors,31,66414,94,Manager,1,5,3,Yes,High
15,58,Female,HR,PhD,29,49434,24,Engineer,1,5,14,No,High
16,42,Male,Marketing,PhD,2,36625,97,Consultant,5,3,5,Yes,Medium
17,32,Male,Sales,Masters,2,103261,54,Analyst,4,5,5,Yes,High
18,37,Female,IT,Masters,1,113738,73,Executive,5,4,6,Yes,High
19,46,Male,HR,PhD,14,127826,46,Engineer,3,3,12,No,Medium
20,29,Female,Sales,PhD,0,148747,79,Engineer,5,2,10,Yes,Medium
21,37,Male,Sales,Bachelors,8,23543,67,Engineer,2,3,9,Yes,Medium
22,37,Female,IT,Bachelors,9,140723,57,Consultant,5,4,4,Yes,High
23,40,Male,Sales,Bachelors,15,109798,65,Executive,3,3,7,Yes,Medium
24,29,Male,Marketing,Masters,5,60974,87,Analyst,2,3,6,No,Medium
25,29,Female,HR,Masters,3,137252,29,Executive,4,4,8,No,Medium
26,21,Male,Marketing,PhD,0,88533,29,Manager,1,1,11,No,Low
27,41,Male,Finance,Masters,7,66878,49,Executive,1,3,8,No,Medium
28,45,Female,Finance,Masters,0,48243,42,Consultant,3,1,8,Yes,Low
29,41,Male,Marketing,PhD,18,82171,39,Analyst,2,2,2,No,Low
30,28,Male,IT,PhD,0,122172,9,Analyst,5,1,6,Yes,Low
31,33,Female,Finance,PhD,12,65248,65,Engineer,2,5,11,No,High
32,50,Male,HR,PhD,4,85818,73,Executive,1,4,1,Yes,Medium
33,22,Female,Sales,Masters,0,138432,32,Analyst,5,1,5,Yes,Low
34,42,Female,IT,Masters,10,126897,80,Analyst,2,1,10,No,Medium
35,27,Male,Sales,Masters,0,81025,94,Executive,5,1,2,Yes,Medium
36,27,Male,IT,PhD,1,78179,23,Analyst,4,4,6,Yes,Medium
37,29,Female,HR,PhD,2,81827,37,Executive,1,1,3,No,Low
38,56,Male,Marketing,PhD,21,141115,44,Engineer,5,2,7,No,Medium
39,48,Male,HR,Bachelors,2,71176,57,Executive,4,5,9,No,High
40,56,Male,IT,PhD,27,62385,22,Manager,3,2,7,No,Medium
41,24,Female,IT,Bachelors,2,69712,23,Manager,2,1,5,Yes,Low
42,51,Female,HR,Bachelors,30,142555,64,Manager,1,2,13,No,Medium
43,22,Female,Sales,Masters,1,68602,40,Analyst,5,3,11,No,Medium
44,21,Male,Marketing,Masters,0,63897,36,Consultant,3,4,8,Yes,Medium
45,23,Male,Marketing,Bachelors,2,59584,98,Engineer,5,5,4,Yes,High
46,44,Male,Sales,PhD,20,25548,48,Consultant,3,1,12,Yes,Medium
47,27,Female,HR,PhD,5,58300,71,Analyst,1,5,11,Yes,High
48,38,Male,IT,Bachelors,1,51835,17,Executive,5,3,9,Yes,Medium
49,50,Female,Marketing,Masters,11,113636,51,Executive,4,2,9,No,Medium
50,43,Female,HR,PhD,0,96716,63,Engineer,1,3,3,No,Medium
51,32,Male,HR,Masters,11,108604,86,Consultant,5,3,11,No,High
52,27,Female,HR,Bachelors,2,106332,31,Engineer,4,4,3,Yes,Medium
53,33,Male,Finance,Bachelors,0,112320,98,Consultant,4,1,13,Yes,Medium
54,36,Female,Finance,PhD,12,56145,16,Manager,4,5,10,No,High
55,53,Female,Sales,Bachelors,29,141171,33,Consultant,4,3,11,No,Medium
56,58,Female,Finance,Bachelors,10,85698,82,Executive,1,4,7,No,Medium
57,30,Male,HR,Bachelors,2,51058,47,Analyst,5,4,2,No,Medium
58,34,Male,IT,PhD,11,57442,78,Analyst,3,4,8,No,High
59,51,Male,Finance,Masters,3,98681,57,Consultant,4,4,4,No,Medium
60,49,Male,Sales,PhD,0,122390,73,Manager,2,2,12,No,Medium
61,34,Female,HR,Bachelors,3,41548,87,Engineer,1,3,7,No,Medium
62,37,Male,Marketing,PhD,13,42388,78,Engineer,5,4,4,Yes,High
63,55,Female,Finance,PhD,17,104252,28,Executive,2,4,5,No,Medium
64,30,Female,Finance,Bachelors,1,33078,1,Analyst,5,3,2,Yes,Medium
65,41,Male,Sales,Masters,9,123879,4,Executive,2,2,7,No,Low
66,43,Male,Finance,PhD,22,28611,55,Manager,3,1,5,No,Medium
67,50,Male,Marketing,PhD,1,62094,92,Consultant,1,3,10,Yes,Medium
68,34,Male,Marketing,Masters,4,83027,29,Analyst,4,2,7,No,Medium
69,49,Male,Finance,PhD,5,25684,76,Manager,4,1,8,Yes,Medium
70,56,Female,HR,Masters,17,121706,75,Consultant,1,5,14,No,High
71,40,Female,IT,PhD,6,31904,88,Consultant,1,3,3,Yes,Medium
72,49,Male,IT,Masters,7,84936,38,Engineer,2,1,6,No,Low
73,37,Male,Sales,PhD,1,121368,79,Manager,1,1,1,Yes,Low
74,46,Male,IT,PhD,15,20666,96,Engineer,4,5,6,Yes,High
75,35,Male,HR,Masters,13,134662,33,Consultant,5,5,12,No,High
76,23,Female,Marketing,PhD,1,98534,62,Engineer,2,5,13,Yes,High
77,36,Male,Sales,Masters,6,63749,41,Engineer,5,5,14,No,High
78,31,Male,HR,PhD,6,76853,10,Analyst,2,1,8,Yes,Low
79,59,Female,HR,Masters,28,70961,1,Analyst,2,3,6,Yes,Medium
80,53,Female,Finance,Masters,15,130504,45,Analyst,3,1,2,No,Low
81,59,Female,IT,PhD,5,71738,54,Consultant,2,2,4,No,Low
82,22,Female,HR,Masters,0,107241,95,Manager,2,2,12,Yes,Medium
83,55,Male,Sales,PhD,1,114763,73,Consultant,4,1,13,No,Medium
84,43,Male,Finance,PhD,7,140622,10,Manager,2,4,7,Yes,Medium
85,27,Female,Marketing,PhD,1,39593,95,Engineer,5,1,10,Yes,Medium
86,50,Male,Sales,PhD,21,99651,28,Consultant,1,4,10,No,Medium
87,49,Male,Marketing,Bachelors,22,118172,64,Manager,5,2,5,No,Medium
88,37,Female,Sales,PhD,9,35865,20,Analyst,3,3,3,No,Medium
89,55,Male,HR,Masters,6,66244,36,Engineer,3,5,10,Yes,High
90,31,Female,Finance,Masters,1,102929,47,Analyst,2,4,14,No,Medium
91,47,Female,HR,Bachelors,21,97713,50,Analyst,5,5,14,Yes,High
92,51,Male,IT,Bachelors,18,132634,14,Manager,1,5,2,Yes,Medium
93,29,Male,IT,Masters,6,31199,14,Executive,3,1,13,No,Low
94,30,Male,IT,PhD,9,124020,11,Engineer,1,3,6,No,Low
95,23,Male,Marketing,PhD,2,68014,85,Manager,2,2,1,Yes,Low
96,34,Male,Finance,PhD,6,94310,46,Engineer,2,5,8,No,Medium
97,30,Female,HR,Bachelors,1,27831,57,Executive,1,4,3,Yes,Medium
98,25,Male,Finance,Masters,2,112341,47,Executive,4,4,4,Yes,Medium
99,30,Female,Sales,Bachelors,4,146667,94,Analyst,4,3,2,No,Medium
100,37,Male,Sales,Masters,11,68507,98,Consultant,5,2,12,Yes,High
101,26,Female,IT,PhD,2,65018,18,Consultant,4,2,12,No,Medium
102,45,Female,Sales,PhD,0,38534,66,Executive,5,1,9,No,Medium
103,57,Male,Marketing,PhD,1,29657,53,Consultant,5,3,8,No,Medium
104,24,Female,Marketing,PhD,1,33376,2,Analyst,2,3,10,No,Medium
105,35,Male,IT,Masters,9,149999,53,Manager,3,1,2,Yes,Low
106,51,Male,HR,Masters,10,47493,11,Executive,1,2,13,No,Low
107,24,Male,HR,Masters,0,110276,40,Analyst,4,3,7,No,Medium
108,44,Female,Finance,Masters,7,105019,48,Analyst,5,2,4,Yes,Medium
109,54,Female,Finance,Masters,4,58016,11,Engineer,2,2,11,No,Low
110,39,Male,IT,PhD,14,54334,60,Engineer,1,1,7,Yes,Low
111,35,Female,Finance,Masters,0,138692,0,Consultant,2,1,5,Yes,Low
112,52,Male,IT,Masters,17,134853,85,Manager,2,4,1,Yes,Medium
113,58,Male,Sales,PhD,35,120192,36,Analyst,4,2,11,No,Medium
114,35,Female,IT,Bachelors,0,28208,28,Consultant,3,5,1,Yes,Medium
115,23,Female,Sales,Masters,0,107293,16,Manager,1,4,9,Yes,Medium
116,49,Male,HR,PhD,21,76973,35,Consultant,2,3,6,Yes,Medium
117,47,Male,Finance,Bachelors,8,133134,99,Executive,1,3,4,No,Medium
118,47,Female,IT,PhD,10,125484,85,Consultant,3,2,5,Yes,Medium
119,28,Male,HR,Masters,3,136940,67,Analyst,2,1,3,No,Low
120,39,Female,Finance,Bachelors,15,42660,73,Manager,2,2,3,Yes,Medium
121,31,Male,Finance,Masters,7,82100,4,Engineer,3,3,8,No,Medium
122,45,Female,Sales,Bachelors,23,76390,74,Executive,3,1,9,No,Medium
123,31,Female,IT,Masters,7,141288,26,Analyst,5,1,9,No,Medium
124,31,Female,HR,Masters,3,147527,55,Manager,2,3,6,No,Medium
125,59,Male,Marketing,Bachelors,13,95319,27,Analyst,3,4,14,No,High
126,23,Female,HR,Bachelors,2,109763,58,Manager,5,2,9,Yes,Medium
127,57,Female,Sales,PhD,29,64964,81,Manager,2,5,9,Yes,High
128,46,Female,HR,Bachelors,17,24359,24,Analyst,2,1,3,No,Low
129,34,Female,Marketing,Bachelors,8,98932,87,Manager,1,3,1,Yes,Medium
130,41,Male,IT,Bachelors,11,114194,23,Consultant,3,3,2,No,Medium
131,26,Male,Finance,PhD,0,66484,11,Manager,3,3,2,No,Medium
132,57,Male,HR,PhD,35,48251,57,Executive,4,1,3,Yes,Medium
133,49,Male,Finance,PhD,18,21988,23,Manager,4,3,4,Yes,Medium
134,23,Male,Marketing,Bachelors,1,58991,99,Executive,1,4,2,Yes,Medium
135,42,Female,HR,PhD,10,121559,18,Consultant,1,5,9,Yes,Medium
136,59,Male,Sales,Masters,27,27607,65,Executive,5,1,14,Yes,Medium
137,48,Female,Marketing,Bachelors,7,27998,71,Engineer,1,2,13,No,Medium
138,35,Male,Sales,Bachelors,9,56456,79,Consultant,2,1,9,Yes,Medium
139,56,Male,IT,Masters,22,106525,24,Executive,3,4,2,No,Medium
140,58,Male,Marketing,Masters,21,137118,48,Analyst,3,1,3,No,Low
141,30,Female,IT,Masters,5,28191,8,Executive,1,2,3,No,Low
142,32,Male,HR,PhD,3,58834,3,Consultant,3,3,13,Yes,Medium
143,36,Male,Finance,PhD,7,125631,49,Consultant,5,4,5,No,Medium
144,58,Female,Marketing,Masters,2,84389,7,Analyst,4,4,10,Yes,Medium
145,40,Male,Marketing,PhD,17,29289,96,Analyst,2,2,10,Yes,Medium
146,37,Male,Sales,PhD,1,125903,98,Executive,5,5,1,No,High
147,52,Male,Marketing,PhD,10,62495,44,Analyst,3,1,7,Yes,Low
148,55,Male,Marketing,PhD,5,87245,81,Engineer,5,4,11,Yes,High
149,56,Female,Sales,PhD,17,148515,64,Executive,5,5,14,No,High
150,45,Male,HR,Masters,2,124124,75,Analyst,2,3,6,No,Medium
151,29,Male,Finance,Bachelors,0,46279,98,Executive,5,2,6,Yes,Medium
152,22,Male,Marketing,Bachelors,1,131279,40,Manager,2,1,11,No,Low
153,26,Male,Marketing,Bachelors,2,102268,88,Executive,4,1,5,No,Medium
154,33,Female,Marketing,Masters,8,63648,84,Executive,5,3,6,Yes,Medium
155,31,Female,Finance,PhD,2,29580,75,Engineer,5,1,13,Yes,Medium
156,26,Female,Marketing,Masters,5,92630,55,Consultant,3,5,11,No,High
157,50,Male,Marketing,Masters,8,41426,97,Consultant,2,4,8,Yes,Medium
158,57,Female,Marketing,Bachelors,31,35710,12,Engineer,5,2,9,Yes,Medium
159,56,Female,HR,PhD,18,106067,57,Executive,1,3,2,Yes,Medium
160,25,Male,Sales,Masters,0,34622,9,Consultant,2,4,12,No,Medium
161,35,Male,Finance,Masters,5,79672,60,Engineer,3,1,6,Yes,Low
162,58,Female,Finance,Bachelors,29,39874,85,Consultant,1,4,13,No,High
163,38,Male,IT,Bachelors,6,57379,73,Executive,5,3,10,Yes,High
164,54,Male,HR,Bachelors,5,104812,48,Manager,5,5,3,Yes,High
165,29,Male,HR,Masters,1,87196,57,Analyst,3,3,1,Yes,Medium
166,25,Male,Sales,Bachelors,0,62166,33,Consultant,5,5,9,No,High
167,21,Female,IT,Masters,0,117034,2,Manager,2,5,9,No,Medium
168,22,Female,Sales,Bachelors,0,91770,37,Engineer,5,3,10,Yes,Medium
169,37,Male,Finance,PhD,1,88616,17,Manager,4,3,11,Yes,Medium
170,26,Female,HR,Bachelors,4,26544,74,Consultant,5,5,10,Yes,High
171,36,Male,HR,PhD,15,90775,91,Engineer,5,3,13,No,High
172,41,Male,Marketing,PhD,20,60217,41,Manager,4,4,7,No,Medium
173,49,Male,Finance,PhD,8,32423,45,Engineer,2,1,3,Yes,Low
174,57,Female,Sales,Bachelors,10,144914,80,Engineer,4,2,9,No,Medium
175,25,Male,Marketing,PhD,0,41573,56,Engineer,1,5,7,No,Medium
176,43,Female,HR,PhD,4,41739,27,Analyst,2,4,3,No,Medium
177,54,Male,HR,PhD,20,143643,59,Manager,2,4,11,Yes,Medium
178,24,Female,HR,Bachelors,0,114193,14,Engineer,4,5,9,No,High
179,56,Male,Sales,Bachelors,21,57101,49,Consultant,2,1,14,No,Medium
180,36,Male,HR,Masters,13,71616,92,Consultant,4,3,3,Yes,Medium
181,59,Male,Marketing,Bachelors,4,24396,35,Analyst,2,5,5,Yes,Medium
182,44,Male,Marketing,Bachelors,4,143643,7,Analyst,3,3,1,Yes,Low
183,46,Female,HR,Bachelors,1,129291,33,Analyst,3,1,4,No,Low
184,46,Male,Sales,PhD,7,43543,61,Engineer,5,4,9,No,High
185,43,Female,Marketing,Bachelors,9,96493,55,Executive,1,2,14,Yes,Medium
186,21,Male,Sales,PhD,0,87695,73,Executive,4,1,6,No,Medium
187,57,Male,Marketing,Bachelors,11,48430,6,Engineer,3,5,14,Yes,High
188,42,Male,Finance,Bachelors,18,136354,81,Engineer,4,4,8,No,High
189,38,Male,Finance,PhD,2,80905,72,Engineer,5,3,2,No,Medium
190,41,Male,Sales,PhD,12,28272,56,Engineer,1,2,12,Yes,Medium
191,47,Male,Sales,PhD,12,92773,23,Executive,3,5,13,No,High
192,44,Female,Sales,Bachelors,8,145313,89,Analyst,4,3,7,Yes,Medium
193,47,Female,IT,Masters,26,138101,9,Executive,5,3,14,Yes,High
194,35,Female,Sales,Masters,4,100659,19,Manager,2,2,10,No,Low
195,46,Male,IT,PhD,3,118815,23,Consultant,5,1,3,No,Low
196,36,Male,Finance,Masters,6,130504,97,Manager,3,4,2,Yes,Medium
197,43,Female,IT,Bachelors,12,83812,76,Manager,2,5,4,Yes,Medium
198,46,Male,Marketing,PhD,0,113485,50,Analyst,2,5,5,No,Medium
199,34,Female,Sales,Masters,9,34869,71,Executive,2,4,7,No,Medium
200,53,Female,HR,Bachelors,5,112909,95,Executive,1,4,7,No,Medium
201,58,Male,HR,Masters,26,149033,19,Analyst,3,5,6,No,High
202,31,Male,Finance,PhD,9,107346,95,Executive,1,3,2,No,Medium
203,46,Female,Finance,Masters,0,96969,46,Analyst,5,3,2,Yes,Medium
204,47,Male,Sales,Bachelors,21,145464,98,Analyst,5,2,8,Yes,Medium
205,58,Female,IT,Bachelors,27,94388,31,Analyst,4,2,12,Yes,Medium
206,39,Female,Sales,Masters,7,149608,67,Manager,5,1,8,No,Medium
207,48,Male,HR,PhD,7,113628,77,Manager,5,4,12,Yes,High
208,30,Female,IT,Bachelors,2,111807,5,Manager,1,5,7,Yes,Medium
209,56,Female,Marketing,Bachelors,12,105876,91,Analyst,5,4,6,Yes,High
210,52,Female,IT,Bachelors,13,46603,94,Engineer,1,5,7,No,High
211,29,Male,Sales,PhD,0,80869,34,Engineer,4,2,11,No,Medium
212,51,Female,IT,Bachelors,27,105585,54,Consultant,5,1,14,Yes,Medium
213,41,Male,Marketing,Masters,4,91242,18,Analyst,4,4,9,Yes,Medium
214,25,Male,Sales,PhD,1,102302,20,Analyst,1,3,10,Yes,Medium
215,32,Male,Finance,Masters,9,146753,71,Manager,5,5,4,Yes,High
216,56,Male,HR,Masters,8,61821,22,Manager,4,3,7,Yes,Medium
217,33,Male,Sales,PhD,1,143742,56,Analyst,5,1,5,Yes,Medium
218,39,Male,Marketing,PhD,5,71404,80,Manager,2,2,1,No,Low
219,22,Female,Sales,PhD,1,102026,96,Executive,3,5,14,Yes,High
220,38,Male,Sales,Bachelors,7,54223,71,Manager,4,3,8,No,Medium
221,59,Male,HR,Bachelors,0,21033,21,Manager,3,4,12,No,Medium
222,47,Male,IT,PhD,24,113181,14,Analyst,2,1,2,Yes,Low
223,21,Male,IT,PhD,0,89872,14,Engineer,1,2,12,No,Low
224,44,Male,HR,PhD,5,101639,51,Analyst,3,5,6,Yes,High
225,29,Male,Marketing,PhD,8,33564,22,Consultant,5,4,5,Yes,Medium
226,55,Male,Sales,PhD,9,143056,55,Executive,2,2,12,No,Medium
227,33,Male,Marketing,Bachelors,0,91282,9,Engineer,2,5,12,Yes,Medium
228,59,Female,IT,Masters,4,92947,10,Executive,3,3,6,Yes,Medium
229,33,Female,Sales,Masters,3,99412,35,Manager,2,3,13,No,Medium
230,38,Male,Marketing,PhD,10,52347,25,Executive,1,4,3,No,Medium
231,27,Male,Sales,Masters,3,31034,12,Executive,3,5,12,No,High
232,48,Female,HR,Masters,10,50950,54,Analyst,3,1,10,Yes,Medium
233,23,Male,HR,Bachelors,2,21949,17,Manager,5,5,14,No,High
234,49,Male,Marketing,Bachelors,16,67538,40,Executive,3,5,3,No,Medium
235,29,Male,HR,Masters,6,68666,66,Manager,3,2,11,Yes,Medium
236,35,Female,Finance,Masters,12,34471,93,Executive,5,5,3,Yes,High
237,49,Male,Marketing,Masters,6,58002,87,Consultant,3,5,3,No,High
238,53,Male,Sales,Bachelors,2,55286,12,Consultant,1,5,9,Yes,Medium
239,34,Female,Marketing,Masters,5,96811,5,Analyst,2,4,1,Yes,Medium
240,36,Female,HR,Bachelors,5,46169,14,Executive,5,5,4,No,High
241,38,Female,Sales,Bachelors,14,47713,39,Executive,1,1,12,No,Low
242,23,Female,Sales,Masters,2,79203,60,Manager,1,4,1,No,Medium
243,48,Female,Finance,PhD,0,114457,79,Engineer,3,3,5,No,Medium
244,30,Male,Finance,Bachelors,2,88317,70,Analyst,2,5,12,Yes,High
245,55,Male,HR,Masters,7,24856,28,Manager,5,3,2,No,Medium
246,43,Male,Sales,PhD,0,86587,11,Engineer,1,2,5,No,Low
247,41,Male,Finance,PhD,13,62654,17,Manager,1,3,3,No,Low
248,59,Male,Marketing,Bachelors,6,24331,72,Manager,3,1,11,Yes,Medium
249,43,Male,IT,PhD,8,145562,89,Manager,2,5,4,No,High
250,25,Male,Sales,PhD,0,126375,75,Executive,4,5,5,No,High
251,32,Male,Sales,PhD,9,138952,21,Analyst,3,3,4,Yes,Medium
252,41,Female,HR,PhD,17,38505,47,Analyst,3,1,6,Yes,Low
253,28,Female,Marketing,PhD,7,66265,37,Engineer,5,1,1,Yes,Low
254,56,Male,Sales,Bachelors,28,103058,43,Consultant,3,4,13,Yes,High
255,51,Male,Marketing,Bachelors,11,106733,72,Executive,1,3,2,No,Medium
256,26,Female,IT,PhD,1,80601,11,Manager,4,2,10,Yes,Medium
257,55,Male,HR,Masters,30,95205,24,Consultant,2,1,13,No,Medium
258,55,Female,IT,Bachelors,31,116926,24,Executive,4,3,10,Yes,Medium
259,27,Female,Sales,PhD,1,121351,18,Executive,4,1,9,Yes,Low
260,30,Female,Finance,Bachelors,2,106663,75,Executive,4,3,9,Yes,Medium
261,32,Male,IT,PhD,0,109772,22,Consultant,2,1,12,No,Low
262,32,Female,HR,PhD,8,110817,99,Analyst,5,3,14,No,High
263,38,Male,HR,PhD,9,70331,21,Analyst,5,4,6,No,Medium
264,54,Male,IT,Masters,15,66691,77,Consultant,3,4,5,No,Medium
265,59,Male,HR,PhD,7,27456,13,Manager,4,4,3,No,Medium
266,26,Male,Finance,Bachelors,5,139301,30,Engineer,2,1,6,Yes,Low
267,58,Female,HR,Masters,8,47757,58,Manager,4,5,3,Yes,High
268,59,Male,Marketing,PhD,13,55707,67,Manager,3,1,4,Yes,Low
269,41,Female,IT,Masters,1,43753,55,Executive,2,1,2,No,Low
270,47,Male,Finance,Bachelors,14,87327,54,Analyst,4,3,3,No,Medium
271,32,Male,HR,PhD,2,31465,57,Analyst,3,2,6,No,Medium
272,35,Female,Marketing,PhD,8,49967,94,Engineer,5,2,12,Yes,Medium
273,45,Female,IT,PhD,19,69019,0,Engineer,2,1,4,Yes,Low
274,48,Female,Marketing,Bachelors,12,141242,66,Engineer,3,3,13,No,Medium
275,22,Female,Sales,Masters,0,86817,6,Executive,2,5,6,No,Medium
276,33,Male,HR,Bachelors,11,92867,53,Manager,3,1,7,Yes,Low
277,45,Female,Marketing,PhD,10,122619,88,Manager,1,3,4,No,Medium
278,23,Female,Marketing,Bachelors,1,56854,58,Engineer,1,2,8,No,Low
279,59,Female,Sales,Bachelors,10,32342,15,Analyst,4,5,14,No,High
280,29,Female,Marketing,PhD,6,69299,25,Executive,5,4,2,No,Medium
281,39,Male,Finance,PhD,0,37277,52,Analyst,3,1,4,No,Low
282,42,Male,Marketing,PhD,17,39458,56,Analyst,5,2,11,Yes,Medium
283,51,Female,Sales,PhD,23,83940,7,Manager,4,1,8,No,Medium
284,21,Male,Marketing,PhD,0,90486,48,Manager,1,5,11,No,Medium
285,40,Male,HR,Masters,8,128810,9,Executive,1,3,13,No,Medium
286,52,Male,Sales,PhD,14,89880,37,Engineer,4,3,11,No,Medium
287,21,Male,Marketing,PhD,0,105716,7,Executive,5,5,2,No,Medium
288,28,Female,Sales,Masters,6,137485,21,Manager,2,5,5,Yes,Medium
289,50,Female,Finance,Bachelors,9,32123,83,Manager,2,3,12,No,Medium
290,59,Female,Sales,Bachelors,6,28108,63,Manager,5,5,10,No,High
291,42,Male,IT,PhD,11,67152,6,Engineer,1,5,1,No,Medium
292,46,Male,IT,Bachelors,13,26493,91,Engineer,3,4,14,Yes,High
293,57,Female,Marketing,Bachelors,26,148301,18,Manager,5,5,5,Yes,High
294,43,Female,Finance,Bachelors,17,66779,7,Analyst,2,2,2,No,Low
295,52,Female,Sales,Bachelors,1,25587,82,Executive,5,4,12,Yes,High
296,58,Female,IT,Masters,14,91918,33,Consultant,1,2,13,Yes,Medium
297,58,Male,IT,PhD,37,114927,59,Consultant,1,3,13,Yes,Medium
298,25,Male,Marketing,Masters,1,70229,34,Engineer,1,2,9,No,Low
299,26,Female,Finance,Bachelors,5,112935,49,Executive,4,5,14,No,High
300,27,Female,Finance,PhD,0,44196,46,Executive,1,1,13,No,Low
301,43,Female,Finance,Masters,8,118147,98,Manager,2,3,12,Yes,Medium
302,59,Female,HR,Masters,24,57901,56,Executive,4,4,5,Yes,High
303,43,Male,Finance,Masters,4,123338,90,Consultant,2,3,5,No,Medium
304,48,Male,HR,Bachelors,6,53822,10,Manager,4,4,10,No,Medium
305,27,Female,IT,Masters,4,67861,55,Consultant,2,4,2,No,Medium
306,28,Male,Marketing,Masters,2,130265,67,Consultant,1,1,3,Yes,Low
307,43,Male,Sales,Bachelors,11,146399,75,Consultant,2,3,7,Yes,Medium
308,37,Male,Sales,Bachelors,12,41435,53,Engineer,1,4,14,No,Medium
309,33,Male,Sales,Bachelors,6,26844,34,Manager,1,4,8,No,Medium
310,22,Male,HR,Bachelors,0,47799,76,Engineer,2,2,1,No,Low
311,45,Female,IT,Bachelors,14,117590,87,Engineer,4,5,3,No,High
312,40,Female,Marketing,Masters,16,32921,70,Executive,3,2,3,No,Medium
313,22,Female,Finance,Masters,0,80479,56,Consultant,1,5,6,No,Medium
314,27,Male,HR,PhD,1,48179,3,Executive,1,2,4,Yes,Low
315,51,Male,Sales,Masters,29,143301,87,Executive,4,5,1,No,High
316,44,Male,Marketing,Bachelors,23,32426,18,Consultant,3,5,13,No,High
317,52,Male,HR,Bachelors,20,114629,39,Manager,3,2,11,Yes,Medium
318,26,Female,HR,PhD,3,115618,8,Executive,5,2,14,Yes,Medium
319,24,Male,Finance,Bachelors,1,23777,96,Executive,1,3,13,Yes,Medium
320,57,Male,Sales,Bachelors,19,125444,20,Manager,2,1,10,Yes,Low
321,44,Male,Marketing,Masters,16,132839,34,Executive,1,4,10,Yes,Medium
322,43,Female,Marketing,PhD,16,109697,95,Executive,1,1,9,Yes,Medium
323,57,Female,Sales,PhD,21,85287,51,Analyst,1,3,5,Yes,Medium
324,44,Female,HR,Bachelors,18,100413,18,Manager,1,4,11,Yes,Medium
325,25,Male,Sales,Masters,4,64746,52,Manager,1,3,13,No,Medium
326,48,Female,Marketing,PhD,14,106686,62,Manager,5,2,6,Yes,Medium
327,37,Female,Marketing,Masters,14,53093,76,Engineer,5,5,2,Yes,High
328,48,Male,Sales,PhD,14,45513,93,Manager,2,1,12,No,Medium
329,26,Male,Finance,Masters,2,133488,57,Manager,4,2,7,Yes,Medium
330,43,Male,HR,Masters,18,98258,36,Executive,5,2,8,Yes,Medium
331,57,Female,Sales,Bachelors,13,113862,62,Executive,1,2,11,No,Medium
332,26,Female,Marketing,PhD,0,66329,39,Consultant,5,3,13,No,Medium
333,40,Female,Finance,Masters,12,102879,31,Consultant,4,4,2,No,Medium
334,49,Female,Marketing,PhD,0,115598,62,Manager,1,3,5,Yes,Medium
335,52,Male,Sales,Bachelors,18,127866,57,Engineer,5,2,13,No,Medium
336,55,Male,Sales,Bachelors,31,42526,40,Engineer,2,4,6,Yes,Medium
337,47,Male,HR,PhD,16,117962,8,Analyst,5,5,5,No,High
338,59,Female,HR,Bachelors,12,98196,34,Manager,5,4,4,Yes,Medium
339,35,Female,HR,Masters,6,88232,31,Executive,2,1,3,No,Low
340,57,Female,IT,PhD,3,102673,84,Consultant,3,4,8,Yes,Medium
341,34,Female,IT,Bachelors,11,88130,80,Executive,1,2,9,Yes,Medium
342,25,Male,HR,PhD,4,138392,95,Consultant,2,3,12,Yes,Medium
343,59,Female,IT,PhD,15,35582,48,Analyst,4,5,3,Yes,High
344,55,Female,Sales,Bachelors,27,48968,34,Analyst,1,1,14,No,Medium
345,32,Female,IT,PhD,3,34720,14,Analyst,2,4,1,Yes,Medium
346,48,Male,Sales,PhD,21,72364,50,Engineer,4,4,3,Yes,Medium
347,23,Female,Marketing,Bachelors,1,33976,11,Analyst,3,4,10,Yes,Medium
348,24,Female,Marketing,Masters,0,77033,15,Manager,2,5,13,Yes,Medium
349,41,Male,Finance,Masters,2,122404,3,Consultant,4,4,2,Yes,Medium
350,40,Male,Finance,PhD,13,115658,74,Analyst,4,1,4,No,Medium
351,55,Male,Finance,Masters,17,65219,93,Engineer,2,5,4,Yes,High
352,47,Female,IT,PhD,20,53947,22,Consultant,1,2,4,Yes,Low
353,28,Male,Sales,Bachelors,3,115942,75,Manager,2,4,12,Yes,Medium
354,36,Female,IT,PhD,9,72093,66,Executive,5,1,5,Yes,Medium
355,55,Female,IT,PhD,0,94941,24,Engineer,4,2,5,Yes,Medium
356,29,Female,HR,Masters,6,20642,51,Analyst,3,2,11,Yes,Medium
357,24,Male,Finance,PhD,1,22075,81,Manager,3,3,4,Yes,Medium
358,39,Male,Finance,PhD,13,23886,74,Executive,3,5,13,Yes,High
359,46,Male,IT,Bachelors,13,47344,42,Engineer,2,5,8,No,Medium
360,30,Male,HR,PhD,3,138266,79,Executive,3,2,5,Yes,Medium
361,35,Female,Finance,Bachelors,6,75637,26,Executive,5,3,12,No,Medium
362,23,Male,Sales,Masters,2,39432,93,Manager,4,3,11,Yes,High
363,25,Male,Marketing,Bachelors,0,116931,27,Executive,4,1,3,No,Low
364,46,Female,Finance,Masters,16,99646,91,Consultant,1,2,9,No,Medium
365,54,Male,Sales,Masters,28,72682,29,Manager,3,2,5,Yes,Medium
366,30,Female,Finance,PhD,5,28279,88,Analyst,1,2,8,Yes,Medium
367,58,Female,IT,PhD,10,125288,16,Executive,4,5,11,No,High
368,44,Female,HR,PhD,17,49454,73,Manager,3,1,7,No,Medium
369,49,Female,Marketing,Masters,13,27698,0,Consultant,1,1,6,No,Low
370,52,Female,IT,Masters,4,37628,40,Executive,1,4,10,Yes,Medium
371,32,Female,HR,Masters,7,33825,20,Engineer,1,5,6,Yes,Medium
372,44,Female,HR,Bachelors,21,88136,37,Executive,2,1,1,No,Low
373,21,Female,Finance,Bachelors,0,67487,48,Analyst,2,4,5,Yes,Medium
374,49,Female,Marketing,PhD,3,106874,42,Analyst,4,5,13,No,High
375,57,Male,Marketing,Bachelors,11,148030,83,Executive,3,5,12,No,High
376,29,Male,IT,Masters,8,147329,41,Engineer,1,3,6,Yes,Medium
377,47,Male,HR,Bachelors,6,110705,46,Manager,1,3,6,Yes,Medium
378,32,Male,IT,PhD,3,75998,48,Manager,2,1,5,Yes,Low
379,27,Female,HR,Masters,6,134646,42,Manager,3,2,13,No,Medium
380,28,Male,Finance,Masters,6,80268,24,Manager,5,3,4,No,Medium
381,50,Female,Sales,Masters,21,39279,18,Engineer,2,1,8,Yes,Low
382,53,Male,Sales,PhD,32,100256,89,Consultant,1,5,2,No,High
383,26,Male,IT,PhD,3,28469,86,Consultant,4,4,6,No,High
384,56,Female,Marketing,Masters,9,48841,90,Executive,5,3,11,Yes,High
385,36,Female,Marketing,Bachelors,11,136335,28,Executive,1,4,12,Yes,Medium
386,39,Male,Finance,Bachelors,3,93685,40,Executive,3,1,8,Yes,Low
387,57,Male,HR,PhD,27,89557,7,Analyst,2,5,6,No,Medium
388,55,Male,Finance,PhD,20,28815,83,Engineer,1,2,11,Yes,Medium
389,53,Female,HR,Bachelors,26,89368,61,Consultant,4,2,6,Yes,Medium
390,44,Male,HR,PhD,15,60813,84,Consultant,2,3,8,No,Medium
391,51,Male,HR,PhD,13,83952,73,Executive,1,4,8,No,Medium
392,32,Female,Finance,Masters,4,130161,86,Manager,2,5,11,No,High
393,49,Male,HR,PhD,27,128125,79,Engineer,4,5,5,No,High
394,45,Female,HR,Bachelors,16,30641,85,Manager,5,3,14,Yes,High
395,45,Female,Finance,Masters,7,112659,77,Executive,4,2,9,No,Medium
396,36,Female,HR,Masters,13,80344,14,Engineer,3,1,2,No,Low
397,55,Female,IT,Bachelors,3,114929,67,Manager,3,5,11,No,High
398,59,Female,Sales,Masters,37,56577,69,Engineer,5,3,5,Yes,High
399,36,Male,Finance,PhD,3,26893,28,Consultant,4,2,12,No,Medium
400,22,Male,Sales,Masters,1,33713,69,Executive,4,1,1,No,Low
401,47,Female,Finance,PhD,5,28359,75,Consultant,1,3,5,No,Medium
402,32,Female,IT,Bachelors,3,85870,7,Consultant,2,5,7,No,Medium
403,32,Male,HR,Masters,5,49549,12,Manager,4,2,6,Yes,Medium
404,47,Male,Sales,Masters,9,44679,54,Consultant,5,1,13,Yes,Medium
405,24,Male,HR,PhD,3,142320,56,Engineer,5,2,7,No,Medium
406,58,Female,Sales,Bachelors,10,74290,73,Engineer,3,3,6,Yes,Medium
407,37,Female,IT,PhD,5,52095,87,Analyst,4,3,3,Yes,Medium
408,54,Female,Marketing,Bachelors,25,104882,81,Engineer,1,1,13,Yes,Medium
409,56,Female,Finance,Masters,28,80542,3,Engineer,4,5,4,Yes,Medium
410,37,Female,Sales,Bachelors,1,108951,42,Engineer,3,1,7,No,Low
411,56,Male,IT,Bachelors,24,30357,92,Consultant,4,5,5,No,High
412,49,Male,Sales,PhD,17,30223,80,Analyst,4,1,1,Yes,Medium
413,36,Female,IT,PhD,13,48054,53,Analyst,4,4,11,No,High
414,22,Male,Marketing,PhD,1,138647,30,Executive,4,5,10,Yes,High
415,37,Female,Marketing,Masters,11,73673,5,Executive,1,1,10,Yes,Low
416,55,Male,HR,Bachelors,15,22014,66,Manager,5,1,10,No,Medium
417,33,Male,Finance,PhD,6,34136,41,Analyst,2,4,1,Yes,Medium
418,57,Female,HR,PhD,3,131649,57,Analyst,2,5,12,Yes,High
419,59,Female,IT,PhD,29,137684,3,Manager,1,2,8,Yes,Low
420,29,Male,Marketing,Masters,7,47185,81,Manager,2,4,6,Yes,Medium
421,38,Male,Marketing,PhD,6,65716,0,Manager,5,2,8,Yes,Medium
422,30,Male,Sales,Masters,6,81106,79,Executive,4,1,9,Yes,Medium
423,33,Female,Sales,Masters,7,82280,83,Consultant,1,1,4,Yes,Low
424,49,Female,HR,Masters,22,55770,77,Consultant,1,4,8,No,Medium
425,56,Female,IT,Bachelors,21,25764,30,Consultant,2,3,8,Yes,Medium
426,51,Female,Marketing,Masters,2,118123,95,Executive,1,2,2,Yes,Low
427,53,Female,IT,Masters,16,40233,80,Manager,5,2,5,Yes,Medium
428,21,Female,Marketing,Bachelors,0,138613,81,Analyst,2,4,8,No,Medium
429,49,Male,Marketing,Bachelors,20,46098,83,Consultant,5,4,12,Yes,High
430,53,Female,HR,Masters,30,81991,35,Executive,1,4,7,Yes,Medium
431,46,Female,IT,Bachelors,12,131879,54,Executive,1,4,2,No,Medium
432,23,Male,HR,Bachelors,1,70294,4,Manager,2,4,6,No,Medium
433,41,Female,Sales,PhD,3,43374,17,Engineer,2,4,11,Yes,Medium
434,49,Male,Finance,Bachelors,25,99830,12,Executive,4,3,2,Yes,Medium
435,51,Male,Marketing,PhD,23,42221,83,Engineer,2,4,7,No,Medium
436,36,Female,HR,PhD,9,29778,73,Executive,5,3,5,No,Medium
437,26,Female,IT,PhD,5,96029,47,Executive,4,2,9,Yes,Medium
438,30,Male,Finance,PhD,1,113220,22,Analyst,4,5,4,No,Medium
439,59,Female,Marketing,Masters,31,136310,83,Manager,1,4,8,No,Medium
440,31,Male,Finance,Masters,7,65501,17,Consultant,5,1,2,Yes,Low
441,34,Male,Marketing,Bachelors,11,145014,26,Executive,4,4,13,Yes,High
442,45,Female,HR,PhD,23,29671,41,Analyst,1,2,8,No,Medium
443,28,Male,Sales,Masters,3,110037,8,Engineer,1,2,5,Yes,Low
444,22,Male,Sales,Masters,1,59557,66,Analyst,3,3,3,Yes,Medium
445,28,Female,Marketing,Masters,1,149547,87,Executive,1,5,3,Yes,Medium
446,56,Male,Finance,Masters,3,130868,30,Executive,4,4,6,No,Medium
447,58,Male,Finance,PhD,1,58668,47,Engineer,4,4,5,No,Medium
448,37,Female,Finance,PhD,15,81713,52,Manager,2,2,10,No,Medium
449,31,Male,Finance,Bachelors,6,89066,36,Engineer,1,5,8,Yes,Medium
450,23,Male,Sales,Bachelors,0,70373,70,Executive,5,5,10,No,High
451,40,Male,Finance,PhD,11,39260,87,Engineer,4,1,1,No,Medium
452,37,Female,IT,Masters,4,134438,20,Executive,4,4,6,Yes,Medium
453,40,Female,HR,PhD,16,60210,65,Analyst,1,4,8,No,Medium
454,26,Male,Finance,Bachelors,0,131675,27,Executive,1,4,1,Yes,Medium
455,34,Male,Sales,Bachelors,5,127321,17,Engineer,2,3,6,Yes,Medium
456,26,Female,Finance,Masters,4,148544,54,Analyst,2,4,7,Yes,Medium
457,33,Male,IT,Bachelors,4,132635,45,Manager,4,3,6,Yes,Medium
458,31,Female,Finance,Masters,10,148464,48,Consultant,4,5,11,Yes,High
459,43,Male,Finance,Masters,2,128384,53,Manager,3,1,9,No,Low
460,23,Female,Finance,Masters,2,124156,67,Consultant,4,1,1,No,Low
461,34,Male,IT,Bachelors,8,112011,28,Manager,3,4,6,Yes,Medium
462,52,Male,Sales,Masters,14,129412,20,Engineer,4,2,14,Yes,Medium
463,32,Female,IT,Bachelors,6,77373,29,Manager,5,1,14,Yes,Medium
464,25,Male,Finance,Masters,1,121761,78,Executive,3,5,8,Yes,High
465,39,Male,Sales,Masters,0,25184,55,Executive,3,4,13,No,High
466,28,Male,Marketing,Bachelors,0,28679,88,Analyst,1,1,12,Yes,Medium
467,50,Female,Marketing,Bachelors,20,66070,17,Consultant,1,4,2,No,Medium
468,40,Male,Marketing,Bachelors,18,111612,7,Analyst,4,2,14,Yes,Medium
469,25,Female,Finance,PhD,3,87579,13,Executive,4,4,13,Yes,Medium
470,43,Male,Sales,PhD,9,23644,7,Engineer,5,1,7,Yes,Low
471,45,Female,Sales,PhD,18,141701,88,Executive,2,4,4,No,Medium
472,52,Male,Marketing,Bachelors,8,56523,76,Manager,4,5,9,No,High
473,41,Female,Marketing,Bachelors,8,103938,62,Consultant,4,4,11,No,High
474,42,Female,Finance,Bachelors,20,56305,6,Analyst,1,4,4,Yes,Medium
475,25,Female,IT,Bachelors,1,91543,40,Engineer,5,3,3,Yes,Medium
476,38,Male,IT,Masters,1,137970,38,Engineer,2,1,9,Yes,Low
477,26,Male,Sales,PhD,4,122854,15,Consultant,4,4,14,No,High
478,53,Female,Marketing,Bachelors,29,35888,17,Engineer,2,4,6,No,Medium
479,44,Male,HR,Masters,4,77488,85,Executive,3,2,12,Yes,Medium
480,31,Male,HR,Masters,8,34018,0,Analyst,2,1,3,No,Low
481,59,Male,Marketing,Bachelors,9,134628,71,Manager,5,2,13,No,Medium
482,45,Male,Finance,PhD,18,128753,96,Manager,1,3,5,No,Medium
483,24,Male,IT,Masters,3,28842,28,Engineer,2,3,3,Yes,Medium
484,49,Male,Marketing,Masters,13,60563,21,Executive,3,5,11,Yes,High
485,46,Female,HR,Bachelors,21,141839,9,Executive,4,3,13,Yes,Medium
486,58,Female,Sales,PhD,16,70045,32,Executive,5,5,8,No,High
487,35,Female,HR,PhD,3,108891,29,Consultant,2,2,5,Yes,Low
488,46,Male,Sales,Bachelors,20,44939,88,Analyst,2,2,3,No,Medium
489,51,Female,Finance,Bachelors,23,129119,88,Analyst,1,5,7,No,High
490,38,Female,IT,Masters,10,76645,68,Executive,5,1,2,No,Medium
491,39,Female,HR,PhD,13,59251,7,Manager,2,1,2,Yes,Low
492,21,Female,Marketing,Bachelors,0,34069,50,Engineer,3,5,14,Yes,High
493,50,Female,Sales,Bachelors,25,73250,92,Manager,4,5,1,No,High
494,49,Male,Sales,PhD,1,65331,68,Engineer,3,5,7,Yes,High
495,55,Male,Finance,Masters,11,53935,4,Consultant,1,5,14,Yes,Medium
496,42,Male,HR,Masters,4,90413,44,Consultant,5,4,9,No,High
497,52,Male,HR,Bachelors,22,28454,63,Engineer,5,2,10,Yes,Medium
498,33,Male,Sales,PhD,11,52245,74,Analyst,5,1,14,No,Medium
499,44,Female,HR,Masters,8,130306,41,Analyst,2,3,13,Yes,Medium
500,24,Female,Sales,Masters,3,114114,86,Manager,2,3,4,Yes,Medium
501,31,Male,IT,PhD,7,57696,79,Analyst,5,2,6,Yes,Medium
502,58,Male,HR,PhD,34,123277,6,Engineer,3,5,7,Yes,High
503,34,Male,Finance,Bachelors,11,106037,93,Manager,4,3,13,Yes,High
504,56,Female,Sales,PhD,35,61549,95,Manager,3,2,10,No,Medium
505,54,Female,Finance,Masters,11,79502,2,Manager,1,5,4,Yes,Medium
506,35,Female,HR,Bachelors,11,123498,53,Manager,4,3,3,Yes,Medium
507,44,Female,Sales,Masters,11,58103,76,Analyst,2,2,6,Yes,Medium
508,38,Male,HR,PhD,3,138165,39,Manager,2,4,8,No,Medium
509,22,Female,Finance,Bachelors,0,91164,13,Analyst,4,3,14,Yes,Medium
510,26,Male,Marketing,Masters,5,92176,30,Analyst,4,4,1,No,Medium
511,36,Male,Sales,Masters,10,101559,60,Executive,2,1,5,No,Low
512,41,Male,HR,Masters,19,86275,63,Consultant,2,1,5,No,Low
513,52,Male,Marketing,Masters,22,113316,80,Analyst,3,4,13,No,High
514,37,Male,IT,PhD,7,87634,19,Engineer,3,2,1,No,Low
515,25,Female,Sales,Bachelors,0,128725,24,Engineer,1,3,12,Yes,Medium
516,25,Male,Sales,Masters,1,126263,96,Engineer,1,5,3,Yes,Medium
517,41,Female,HR,Masters,18,134613,25,Engineer,4,3,2,Yes,Medium
518,56,Female,Finance,Masters,22,104003,41,Manager,5,1,9,Yes,Medium
519,25,Male,Finance,Masters,2,144156,6,Analyst,4,1,12,Yes,Low
520,34,Female,Finance,Bachelors,6,56357,24,Analyst,1,3,8,Yes,Medium
521,49,Male,Finance,Masters,27,24643,32,Analyst,3,3,2,No,Medium
522,46,Male,Finance,PhD,3,80483,35,Engineer,1,5,10,No,Medium
523,24,Female,IT,Bachelors,2,105663,85,Manager,3,1,14,No,Medium
524,59,Female,HR,PhD,35,95325,41,Executive,2,3,7,No,Medium
525,54,Female,HR,PhD,29,94974,14,Consultant,1,3,8,No,Medium
526,40,Male,Finance,Bachelors,14,68052,70,Consultant,4,3,11,Yes,Medium
527,23,Female,Sales,PhD,1,130075,28,Executive,2,1,4,No,Low
528,50,Male,Marketing,Bachelors,29,113340,83,Executive,3,5,10,No,High
529,53,Female,IT,PhD,25,149737,93,Manager,5,5,7,No,High
530,22,Female,Marketing,PhD,0,54797,3,Executive,3,1,11,Yes,Low
531,55,Male,HR,Bachelors,23,73275,95,Executive,2,3,8,No,Medium
532,27,Male,IT,PhD,1,134525,31,Analyst,3,1,5,Yes,Low
533,47,Female,Marketing,Masters,17,80890,62,Engineer,4,1,5,Yes,Medium
534,43,Female,Finance,Masters,10,108042,82,Engineer,4,3,13,No,High
535,56,Male,Marketing,PhD,19,39557,21,Executive,3,2,14,Yes,Medium
536,42,Male,Marketing,Bachelors,11,61791,45,Engineer,2,4,11,Yes,Medium
537,50,Female,Sales,Bachelors,11,122606,30,Engineer,5,2,5,Yes,Medium
538,36,Female,Marketing,Bachelors,3,99589,85,Executive,4,4,2,No,Medium
539,39,Male,Marketing,PhD,6,50573,74,Manager,1,3,14,Yes,Medium
540,23,Female,Finance,Masters,0,40204,85,Consultant,1,2,12,No,Medium
541,42,Male,Marketing,Masters,1,31472,15,Manager,5,3,1,Yes,Medium
542,44,Male,Finance,PhD,16,119402,87,Executive,3,1,13,Yes,Medium
543,43,Female,Finance,Bachelors,17,125584,63,Executive,3,2,1,No,Medium
544,31,Male,Marketing,Masters,8,81664,8,Executive,2,2,12,Yes,Medium
545,27,Female,HR,Bachelors,2,143384,77,Manager,1,2,11,No,Medium
546,51,Male,Marketing,PhD,2,137635,26,Engineer,4,4,7,No,Medium
547,46,Male,IT,PhD,16,74692,68,Engineer,2,3,12,No,Medium
548,55,Female,Marketing,Masters,4,32904,27,Manager,4,5,12,Yes,High
549,41,Female,Finance,Masters,20,57127,98,Analyst,3,1,8,No,Medium
550,56,Male,Finance,Bachelors,1,122427,12,Analyst,5,5,12,No,High
551,58,Male,IT,Bachelors,32,103871,25,Executive,3,5,5,No,High
552,59,Male,Sales,Bachelors,23,106021,25,Manager,4,2,6,Yes,Medium
553,58,Male,Marketing,PhD,27,43163,96,Manager,3,4,12,No,High
554,42,Male,HR,PhD,0,101793,99,Analyst,4,5,14,Yes,High
555,53,Female,IT,Bachelors,27,144583,26,Consultant,2,3,3,No,Medium
556,51,Male,Finance,Masters,25,31508,53,Executive,5,5,5,Yes,High
557,51,Female,Finance,Bachelors,19,41614,4,Analyst,3,3,8,Yes,Medium
558,27,Male,HR,Masters,5,129324,1,Executive,4,5,4,No,Medium
559,48,Female,IT,Bachelors,14,63823,44,Analyst,3,3,5,Yes,Medium
560,31,Male,Sales,Bachelors,5,64787,99,Executive,1,2,2,No,Low
561,28,Female,IT,Bachelors,3,90448,12,Executive,4,3,12,Yes,Medium
562,45,Male,Marketing,PhD,0,56258,10,Consultant,4,5,2,No,Medium
563,25,Male,Sales,Masters,3,38937,85,Engineer,1,3,10,No,Medium
564,43,Male,HR,Bachelors,2,31756,51,Analyst,3,1,9,Yes,Low
565,57,Female,Sales,Masters,35,147565,7,Engineer,4,3,6,No,Medium
566,40,Male,HR,Masters,9,90160,83,Manager,2,1,13,Yes,Medium
567,51,Male,HR,Bachelors,2,39265,73,Analyst,3,5,10,Yes,High
568,36,Female,Finance,Bachelors,10,88430,11,Executive,4,4,2,Yes,Medium
569,38,Female,HR,Bachelors,5,105563,94,Consultant,2,1,2,Yes,Low
570,21,Male,Sales,Bachelors,0,128472,10,Executive,1,4,8,No,Medium
571,22,Male,HR,Bachelors,1,100923,87,Manager,3,2,5,No,Medium
572,38,Female,Finance,PhD,4,124759,97,Engineer,4,2,11,No,Medium
573,54,Male,Finance,Bachelors,11,89010,56,Executive,3,1,10,No,Medium
574,28,Male,HR,PhD,0,138966,94,Consultant,3,5,8,Yes,High
575,26,Male,HR,Bachelors,3,134703,81,Consultant,5,5,6,No,High
576,35,Female,HR,Masters,1,35645,51,Consultant,4,1,9,No,Medium
577,42,Female,HR,Bachelors,4,74579,33,Manager,1,4,7,No,Medium
578,35,Male,Sales,Masters,8,46710,38,Analyst,4,1,14,No,Medium
579,42,Male,Marketing,PhD,9,49077,57,Analyst,3,5,1,Yes,Medium
580,25,Male,Sales,PhD,1,117027,1,Manager,1,1,9,Yes,Low
581,43,Female,HR,PhD,11,143649,39,Engineer,1,5,10,Yes,Medium
582,21,Female,Marketing,Bachelors,0,96247,56,Consultant,1,4,2,Yes,Medium
583,51,Female,HR,PhD,20,41368,22,Analyst,5,3,10,No,Medium
584,41,Female,Finance,Bachelors,6,132391,96,Executive,1,4,7,No,Medium
585,31,Male,Sales,Bachelors,5,35263,46,Executive,1,5,9,Yes,Medium
586,46,Female,HR,Masters,7,30995,88,Consultant,2,1,2,No,Low
587,59,Female,Sales,PhD,13,129876,65,Analyst,4,1,14,Yes,Medium
588,36,Male,Marketing,Bachelors,11,149039,48,Executive,4,5,9,No,High
589,48,Female,HR,Masters,3,94554,30,Consultant,1,3,8,Yes,Medium
590,44,Male,Sales,PhD,14,52807,89,Analyst,3,5,2,Yes,High
591,47,Female,Finance,PhD,7,138911,4,Engineer,5,4,12,Yes,High
592,26,Female,IT,PhD,4,81632,93,Manager,1,1,8,No,Low
593,34,Male,Sales,Bachelors,5,107272,63,Engineer,1,5,3,No,Medium
594,45,Female,HR,PhD,22,52276,3,Manager,3,2,5,No,Low
595,38,Male,IT,Bachelors,4,23556,29,Engineer,1,4,10,Yes,Medium
596,36,Female,Sales,Bachelors,3,98767,11,Executive,1,4,7,No,Medium
597,54,Female,IT,Masters,5,96233,86,Manager,3,2,10,Yes,Medium
598,38,Male,IT,Masters,2,110156,62,Engineer,4,3,5,No,Medium
599,57,Female,HR,PhD,2,143459,63,Consultant,3,2,6,Yes,Medium
600,51,Male,Marketing,PhD,15,98320,93,Consultant,4,1,11,Yes,Medium
601,36,Male,HR,Bachelors,7,99450,0,Executive,1,2,13,No,Low
602,28,Male,Marketing,PhD,6,124423,74,Manager,5,2,5,Yes,Medium
603,40,Female,IT,Bachelors,13,56897,79,Manager,2,2,10,Yes,Medium
604,46,Female,Finance,Masters,21,33821,90,Engineer,2,4,12,No,High
605,24,Male,IT,Bachelors,1,89690,87,Manager,2,5,6,Yes,High
606,46,Female,IT,Bachelors,11,99996,72,Analyst,1,5,10,No,High
607,27,Female,Marketing,Bachelors,5,72182,14,Engineer,3,4,8,No,Medium
608,25,Male,Sales,Bachelors,3,145639,61,Engineer,2,2,10,No,Medium
609,54,Male,IT,Masters,27,105152,38,Engineer,1,1,10,Yes,Low
610,55,Female,HR,Masters,34,111626,15,Consultant,5,4,14,Yes,High
611,43,Male,Sales,Bachelors,5,113058,80,Executive,3,3,6,No,Medium
612,43,Male,Sales,Bachelors,5,51975,63,Engineer,1,2,6,No,Low
613,44,Female,HR,Bachelors,13,22014,75,Analyst,5,5,13,Yes,High
614,32,Male,Finance,Bachelors,4,137207,85,Consultant,1,5,6,Yes,Medium
615,31,Female,Finance,PhD,3,60148,17,Manager,3,3,9,Yes,Medium
616,47,Female,Finance,Bachelors,10,127651,38,Consultant,3,4,5,No,Medium
617,56,Male,IT,Masters,12,101645,19,Analyst,3,3,8,No,Medium
618,46,Male,Finance,Masters,13,118805,85,Manager,3,4,9,No,High
619,49,Female,Sales,Bachelors,3,131659,35,Executive,3,1,4,Yes,Low
620,34,Male,Marketing,Masters,7,34037,79,Consultant,1,3,3,No,Medium
621,26,Female,IT,Bachelors,0,67533,64,Manager,1,5,12,Yes,High
622,32,Male,Sales,PhD,1,99259,59,Executive,5,5,4,Yes,High
623,26,Female,HR,PhD,2,103690,92,Executive,5,5,1,No,High
624,48,Male,Marketing,PhD,11,25518,7,Analyst,5,4,8,No,Medium
625,32,Male,HR,Masters,4,142964,3,Executive,5,4,10,No,Medium
626,34,Female,HR,Masters,0,146427,4,Engineer,3,1,14,No,Low
627,46,Female,Marketing,Bachelors,13,77388,74,Analyst,5,2,13,Yes,Medium
628,56,Male,Finance,Bachelors,24,106092,17,Consultant,4,2,1,No,Medium
629,28,Male,HR,Bachelors,1,105198,92,Engineer,5,2,4,Yes,Medium
630,54,Male,Sales,Masters,2,43162,44,Analyst,5,2,14,No,Medium
631,22,Male,HR,PhD,1,116069,35,Executive,2,1,2,No,Low
632,51,Male,HR,PhD,2,146445,59,Manager,1,2,10,Yes,Medium
633,57,Female,HR,Bachelors,2,97826,83,Consultant,1,3,7,No,Medium
634,22,Male,Marketing,Masters,1,40693,69,Manager,4,5,14,Yes,High
635,47,Female,IT,Bachelors,16,75328,48,Analyst,3,3,4,No,Medium
636,36,Male,HR,Bachelors,0,77523,48,Analyst,1,2,12,No,Medium
637,27,Female,Sales,PhD,3,38214,91,Consultant,1,1,3,Yes,Low
638,43,Female,IT,Masters,3,58992,18,Manager,2,3,7,Yes,Medium
639,33,Male,Sales,PhD,4,45242,24,Consultant,5,2,2,No,Medium
640,33,Male,Finance,Bachelors,11,111048,26,Engineer,2,4,7,Yes,Medium
641,39,Female,Marketing,Bachelors,18,130712,19,Executive,3,5,4,No,Medium
642,27,Female,Sales,Masters,4,43159,49,Executive,4,5,7,No,High
643,41,Female,Sales,Masters,14,31688,68,Consultant,5,2,14,No,Medium
644,46,Male,Sales,Masters,17,42082,0,Engineer,1,5,2,No,Medium
645,37,Female,Sales,PhD,6,113503,9,Consultant,1,4,6,Yes,Medium
646,21,Male,Finance,Bachelors,0,69086,52,Engineer,3,3,7,No,Medium
647,25,Female,Finance,PhD,2,131085,26,Manager,1,1,4,Yes,Low
648,43,Male,Marketing,PhD,21,22557,38,Consultant,2,1,3,Yes,Low
649,25,Female,Marketing,Masters,4,69548,68,Analyst,1,4,7,No,Medium
650,53,Female,IT,PhD,32,130741,20,Consultant,3,5,8,Yes,High
651,32,Male,HR,Masters,9,27761,81,Consultant,3,1,5,No,Medium
652,36,Female,HR,Bachelors,3,142578,23,Consultant,4,3,10,Yes,Medium
653,22,Male,HR,Bachelors,0,36719,3,Consultant,1,4,5,Yes,Medium
654,51,Female,Sales,Bachelors,4,95497,15,Executive,1,4,13,Yes,Medium
655,52,Female,Finance,Bachelors,21,24133,74,Engineer,3,2,10,Yes,Medium
656,47,Female,Marketing,PhD,22,58312,28,Executive,4,4,5,Yes,Medium
657,36,Female,Sales,Bachelors,4,33396,67,Consultant,2,2,10,Yes,Medium
658,28,Male,Finance,Bachelors,3,34087,18,Engineer,2,1,2,Yes,Low
659,41,Male,Sales,Bachelors,7,126652,8,Engineer,5,3,9,No,Medium
660,35,Male,Sales,Bachelors,6,98142,50,Engineer,3,5,11,No,High
661,57,Female,IT,Masters,7,86774,50,Manager,5,5,5,No,High
662,32,Female,Sales,PhD,9,53411,71,Executive,2,2,8,No,Medium
663,49,Female,Sales,PhD,13,71714,48,Consultant,2,4,1,Yes,Medium
664,29,Female,Sales,PhD,0,87424,52,Manager,2,4,1,Yes,Medium
665,51,Male,Finance,PhD,13,59574,94,Engineer,2,1,13,No,Medium
666,23,Male,HR,Bachelors,2,143154,59,Analyst,5,4,1,Yes,Medium
667,43,Male,Finance,Bachelors,6,23113,68,Consultant,1,4,13,Yes,Medium
668,22,Male,Marketing,PhD,0,89900,75,Executive,4,4,4,Yes,Medium
669,45,Male,HR,Masters,8,129236,58,Executive,1,3,14,Yes,Medium
670,53,Male,IT,Masters,9,91672,65,Consultant,4,4,10,Yes,High
671,46,Female,HR,Bachelors,6,63692,80,Manager,2,3,3,No,Medium
672,37,Male,HR,Masters,16,33671,15,Manager,1,3,7,Yes,Medium
673,23,Male,IT,Masters,0,106426,91,Engineer,2,1,12,No,Medium
674,25,Male,Marketing,PhD,0,60541,59,Consultant,5,4,4,No,Medium
675,45,Female,Finance,Masters,20,41712,33,Executive,4,3,4,Yes,Medium
676,57,Female,Marketing,Masters,18,122380,99,Engineer,5,3,2,No,Medium
677,32,Male,Sales,PhD,11,45554,93,Analyst,5,1,6,No,Medium
678,39,Male,IT,PhD,11,80546,74,Manager,1,4,5,No,Medium
679,56,Male,IT,Bachelors,14,84588,38,Consultant,1,2,7,Yes,Low
680,49,Male,HR,PhD,5,72173,10,Executive,3,4,5,No,Medium
681,57,Female,IT,PhD,19,115962,24,Manager,5,5,13,Yes,High
682,55,Female,Finance,PhD,0,148236,46,Engineer,4,5,10,No,High
683,49,Male,Marketing,Masters,0,35245,61,Consultant,5,5,4,No,High
684,46,Female,Sales,Bachelors,11,44828,87,Manager,5,1,6,Yes,Medium
685,30,Male,IT,PhD,5,67931,11,Engineer,4,5,12,Yes,High
686,21,Female,IT,Bachelors,0,76208,91,Executive,4,4,6,No,High
687,43,Female,Marketing,PhD,20,58243,31,Consultant,3,3,8,No,Medium
688,45,Male,Sales,Masters,3,91959,93,Executive,2,5,10,No,High
689,24,Female,Sales,Masters,0,148430,31,Manager,5,5,6,No,High
690,55,Male,Sales,Masters,16,127746,98,Manager,1,5,6,No,High
691,57,Male,Marketing,Bachelors,20,29157,33,Manager,4,2,3,Yes,Medium
692,57,Female,Finance,PhD,8,104431,94,Manager,4,5,14,Yes,High
693,44,Male,Sales,PhD,10,24754,50,Analyst,4,2,12,Yes,Medium
694,37,Female,IT,Bachelors,8,134382,61,Manager,5,4,7,Yes,High
695,52,Male,Finance,Bachelors,12,63577,59,Manager,2,4,11,Yes,Medium
696,52,Male,Marketing,Masters,10,81063,3,Analyst,3,4,7,No,Medium
697,38,Male,HR,PhD,1,134007,58,Analyst,5,2,5,Yes,Medium
698,53,Female,Finance,PhD,14,89227,45,Executive,2,1,4,Yes,Low
699,23,Male,Marketing,PhD,1,147888,77,Executive,3,1,6,No,Low
700,46,Female,Marketing,Masters,23,25413,97,Analyst,4,2,11,No,Medium
701,32,Female,Marketing,Bachelors,1,111103,87,Analyst,2,1,3,Yes,Low
702,29,Male,Finance,Masters,2,134935,87,Consultant,5,1,7,No,Medium
703,41,Female,Marketing,Masters,6,126051,8,Consultant,5,5,7,Yes,High
704,52,Male,HR,PhD,18,48246,76,Consultant,2,4,14,Yes,High
705,27,Female,Marketing,Masters,5,57712,9,Manager,5,5,4,No,Medium
706,23,Male,Finance,PhD,1,107070,41,Analyst,1,4,4,Yes,Medium
707,42,Female,Marketing,PhD,12,92747,75,Consultant,1,4,8,No,Medium
708,57,Female,HR,Masters,0,123415,20,Executive,5,2,1,Yes,Medium
709,33,Male,Sales,Masters,6,123487,21,Manager,1,4,8,Yes,Medium
710,26,Male,Sales,Bachelors,3,34358,81,Manager,1,1,12,Yes,Medium
711,35,Female,IT,Masters,13,117901,94,Analyst,5,5,12,Yes,High
712,22,Male,Marketing,Masters,0,49758,73,Engineer,3,3,14,No,Medium
713,51,Female,Finance,Bachelors,19,66590,69,Analyst,3,2,2,No,Medium
714,48,Male,Marketing,Masters,20,46363,16,Consultant,1,4,14,Yes,Medium
715,24,Male,Marketing,PhD,2,136024,21,Engineer,4,4,10,No,Medium
716,23,Male,HR,Bachelors,2,119019,13,Manager,5,4,3,Yes,Medium
717,29,Female,Marketing,Bachelors,1,64143,64,Executive,1,3,10,No,Medium
718,54,Male,Finance,Masters,9,35934,71,Analyst,5,3,4,Yes,Medium
719,44,Female,Marketing,PhD,0,84548,59,Engineer,5,2,2,Yes,Medium
720,49,Male,Finance,Masters,20,114261,46,Engineer,2,5,14,No,High
721,38,Female,IT,PhD,16,31459,53,Analyst,3,5,13,Yes,High
722,41,Female,Finance,Masters,14,120581,64,Manager,3,5,2,No,Medium
723,36,Female,Sales,Bachelors,5,41247,68,Consultant,3,3,6,No,Medium
724,40,Male,Finance,Bachelors,3,142579,87,Analyst,5,5,4,No,High
725,29,Male,Marketing,Masters,5,113355,24,Engineer,2,4,3,No,Medium
726,29,Male,Marketing,Bachelors,7,128418,76,Consultant,4,1,7,No,Medium
727,42,Male,HR,Bachelors,2,145537,18,Manager,5,4,7,No,Medium
728,27,Male,Finance,Masters,3,44912,69,Consultant,5,2,14,Yes,Medium
729,38,Male,Finance,PhD,17,68034,8,Analyst,1,1,11,No,Low
730,42,Male,Finance,PhD,12,73077,46,Analyst,3,4,14,No,High
731,31,Male,Marketing,Masters,7,102050,61,Analyst,4,5,4,No,High
732,39,Female,Marketing,Masters,16,66285,57,Manager,1,4,2,No,Medium
733,43,Female,Marketing,Bachelors,9,139562,28,Analyst,1,4,14,No,Medium
734,58,Female,Sales,PhD,17,45993,93,Consultant,1,5,14,No,High
735,28,Female,Marketing,Bachelors,6,72108,74,Analyst,4,3,2,No,Medium
736,29,Female,HR,PhD,8,110576,89,Consultant,1,3,4,No,Medium
737,45,Male,Marketing,Bachelors,18,62445,29,Executive,4,2,9,Yes,Medium
738,27,Male,HR,Bachelors,4,121307,67,Analyst,5,4,7,Yes,High
739,40,Female,Finance,Masters,4,139323,90,Manager,2,5,7,Yes,High
740,36,Female,Finance,PhD,3,138670,7,Executive,4,5,7,Yes,Medium
741,26,Male,Sales,Masters,2,94368,34,Analyst,1,3,10,No,Medium
742,30,Male,IT,Bachelors,7,96785,62,Executive,4,3,11,Yes,Medium
743,31,Male,IT,PhD,7,35200,35,Engineer,2,2,5,Yes,Low
744,53,Female,Marketing,Masters,14,146067,50,Consultant,4,1,6,Yes,Medium
745,45,Female,IT,Masters,8,121651,54,Executive,4,4,7,Yes,Medium
746,29,Female,Sales,Bachelors,7,76933,5,Analyst,4,3,5,Yes,Medium
747,53,Male,IT,Bachelors,29,39289,31,Consultant,4,1,5,Yes,Medium
748,52,Male,Marketing,Bachelors,17,115276,71,Manager,3,2,7,Yes,Medium
749,24,Female,Finance,PhD,0,76126,21,Consultant,4,1,5,No,Low
750,22,Male,HR,PhD,0,96967,42,Manager,3,3,10,No,Medium
751,59,Female,HR,PhD,5,144748,52,Executive,4,5,11,No,High
752,55,Male,Finance,Masters,10,149311,16,Executive,2,5,7,Yes,Medium
753,26,Female,HR,Masters,3,129859,39,Consultant,3,2,10,Yes,Medium
754,33,Female,Finance,Bachelors,7,137576,81,Executive,4,3,1,Yes,Medium
755,50,Female,HR,PhD,25,142135,3,Manager,4,4,12,No,High
756,57,Female,Marketing,PhD,15,134206,25,Engineer,5,3,6,Yes,Medium
757,41,Male,Sales,Bachelors,14,118591,29,Analyst,2,1,6,No,Low
758,43,Female,Marketing,PhD,14,70538,48,Manager,5,4,3,No,Medium
759,24,Female,Marketing,Masters,2,127895,41,Analyst,1,4,14,No,Medium
760,37,Male,Finance,Masters,0,95985,25,Analyst,3,2,12,Yes,Medium
761,28,Male,HR,Bachelors,1,140963,13,Executive,3,5,14,No,High
762,52,Female,Marketing,PhD,27,100148,24,Executive,4,4,7,Yes,Medium
763,41,Male,Finance,Bachelors,15,83167,28,Analyst,4,1,12,No,Medium
764,56,Female,Marketing,Bachelors,32,62152,77,Executive,5,4,9,No,High
765,41,Male,IT,Bachelors,0,32097,84,Engineer,1,4,5,No,Medium
766,57,Female,IT,Masters,2,138406,17,Analyst,4,1,6,No,Low
767,46,Female,Finance,PhD,24,79918,31,Engineer,1,4,1,No,Medium
768,37,Male,IT,Bachelors,6,146766,56,Executive,3,2,1,Yes,Low
769,33,Male,IT,Masters,8,33939,84,Engineer,3,5,11,No,High
770,59,Male,IT,PhD,38,57582,41,Engineer,1,1,2,No,Low
771,43,Male,IT,Masters,2,49330,90,Consultant,2,3,11,No,Medium
772,21,Male,HR,Masters,0,96304,28,Consultant,2,4,7,Yes,Medium
773,36,Female,Sales,Masters,12,123264,43,Executive,3,4,5,No,Medium
774,21,Male,Finance,Bachelors,0,100796,93,Analyst,1,1,3,Yes,Low
775,51,Female,IT,Bachelors,24,26130,34,Manager,4,4,11,Yes,High
776,25,Female,Sales,PhD,3,123558,11,Manager,5,5,14,No,High
777,47,Female,Finance,Bachelors,3,116155,66,Analyst,5,2,6,No,Medium
778,31,Female,Finance,Masters,9,55733,57,Manager,3,5,10,Yes,High
779,58,Male,Sales,Masters,21,132168,43,Analyst,4,5,5,Yes,High
780,44,Male,IT,Masters,19,67905,56,Consultant,5,4,13,No,High
781,37,Female,Sales,PhD,5,78147,33,Analyst,2,5,3,Yes,Medium
782,22,Female,Sales,Bachelors,1,64452,42,Executive,5,1,8,No,Medium
783,25,Female,Finance,PhD,2,90304,97,Analyst,1,5,8,No,High
784,52,Female,IT,PhD,6,37113,11,Consultant,2,5,5,Yes,Medium
785,38,Male,IT,PhD,5,87298,31,Consultant,3,3,11,No,Medium
786,48,Female,Sales,Bachelors,20,53182,40,Manager,2,5,7,Yes,Medium
787,21,Male,IT,PhD,0,88754,87,Analyst,1,4,2,Yes,Medium
788,29,Male,Finance,Bachelors,5,102077,16,Executive,3,5,9,No,Medium
789,32,Female,Marketing,PhD,7,48722,76,Engineer,1,1,14,Yes,Medium
790,59,Male,Sales,PhD,16,106740,75,Engineer,5,3,5,No,Medium
791,35,Female,Sales,PhD,3,115047,61,Analyst,5,4,4,No,Medium
792,26,Male,Finance,PhD,2,25721,62,Engineer,4,5,5,No,High
793,33,Female,Sales,Bachelors,10,22568,21,Engineer,1,3,14,No,Medium
794,25,Female,IT,Bachelors,4,70857,35,Engineer,1,4,8,No,Medium
795,40,Male,IT,PhD,11,98051,36,Consultant,1,1,6,Yes,Low
796,41,Female,Sales,Bachelors,18,139021,34,Executive,4,4,13,Yes,High
797,52,Male,HR,PhD,13,74544,14,Consultant,4,2,6,Yes,Medium
798,26,Male,Sales,Masters,5,105496,19,Manager,2,3,7,No,Medium
799,32,Male,Sales,PhD,5,101304,70,Engineer,4,4,8,No,High
800,41,Female,Marketing,PhD,4,132622,40,Analyst,4,5,4,Yes,High
801,35,Female,Finance,Bachelors,12,149266,60,Engineer,3,4,4,No,Medium
802,32,Female,Sales,Masters,2,53121,34,Manager,1,3,9,Yes,Medium
803,52,Female,HR,PhD,16,61140,54,Analyst,2,2,5,No,Medium
804,57,Male,Finance,Masters,24,46648,70,Executive,5,2,5,Yes,Medium
805,22,Female,HR,Bachelors,1,94645,25,Consultant,3,3,1,No,Medium
806,46,Male,HR,Masters,15,98835,55,Manager,4,4,5,No,Medium
807,29,Female,Marketing,PhD,3,71814,89,Executive,3,3,5,No,Medium
808,58,Female,Sales,Bachelors,31,34856,78,Analyst,4,2,2,Yes,Medium
809,45,Female,HR,Bachelors,9,122112,39,Executive,4,3,8,No,Medium
810,29,Male,HR,PhD,7,45133,67,Analyst,2,3,4,Yes,Medium
811,56,Male,IT,Bachelors,20,89180,1,Analyst,5,4,8,No,Medium
812,28,Male,IT,PhD,2,44639,84,Analyst,4,5,5,No,High
813,41,Male,Marketing,Masters,13,28715,44,Manager,2,1,2,No,Low
814,32,Male,IT,Masters,6,81031,11,Executive,1,2,4,Yes,Low
815,35,Female,HR,Bachelors,6,60511,80,Manager,5,2,4,No,Medium
816,31,Female,IT,Bachelors,9,63919,15,Engineer,2,3,3,Yes,Medium
817,31,Male,HR,Bachelors,5,136333,74,Analyst,4,4,11,No,High
818,55,Male,HR,PhD,2,81075,21,Engineer,2,5,14,No,High
819,36,Male,IT,Masters,4,112946,70,Executive,1,1,10,Yes,Low
820,56,Male,HR,PhD,20,118333,51,Consultant,5,3,3,No,Medium
821,59,Male,IT,Masters,1,104996,7,Engineer,5,2,7,No,Medium
822,30,Male,Marketing,PhD,0,22872,36,Engineer,5,1,3,Yes,Low
823,52,Male,HR,Bachelors,23,129617,17,Analyst,5,5,3,No,High
824,51,Female,Sales,PhD,25,128639,11,Analyst,5,2,11,Yes,Medium
825,49,Male,IT,Masters,0,38373,46,Executive,2,3,12,Yes,Medium
826,42,Female,Marketing,Bachelors,18,34937,70,Analyst,1,1,3,No,Low
827,50,Female,IT,PhD,10,111049,99,Manager,3,3,3,Yes,Medium
828,39,Male,HR,Masters,6,84813,16,Executive,3,5,9,Yes,Medium
829,43,Male,Sales,PhD,7,24434,3,Engineer,4,2,11,Yes,Medium
830,44,Female,Finance,PhD,2,48223,75,Analyst,1,2,4,No,Low
831,35,Male,Finance,PhD,10,51292,99,Analyst,3,5,4,Yes,High
832,22,Male,IT,Masters,1,106289,24,Analyst,2,1,9,Yes,Low
833,22,Male,Finance,Bachelors,1,93565,88,Manager,5,3,5,No,Medium
834,48,Male,IT,Bachelors,10,36980,16,Consultant,1,5,3,No,Medium
835,57,Female,IT,PhD,4,116376,46,Analyst,2,3,5,No,Medium
836,35,Female,Sales,PhD,12,78423,39,Executive,4,5,1,Yes,Medium
837,22,Male,HR,PhD,0,99067,74,Manager,5,4,1,No,Medium
838,54,Male,HR,PhD,12,136120,17,Analyst,1,2,13,No,Medium
839,35,Male,Finance,Bachelors,6,149890,49,Consultant,5,3,12,Yes,Medium
840,34,Female,Finance,Bachelors,6,38480,88,Manager,4,5,2,No,High
841,59,Female,IT,Bachelors,4,116632,17,Analyst,2,5,4,Yes,Medium
842,38,Female,Marketing,Bachelors,2,34527,70,Engineer,5,1,14,No,Medium
843,48,Female,HR,Masters,25,77880,64,Manager,2,1,1,Yes,Low
844,33,Female,IT,Bachelors,6,40027,28,Executive,1,3,1,No,Low
845,47,Female,Finance,Bachelors,4,23794,2,Engineer,1,3,10,Yes,Medium
846,28,Male,Finance,Masters,0,77117,54,Analyst,3,5,3,No,Medium
847,27,Male,Finance,Bachelors,2,33910,47,Consultant,1,2,4,No,Low
848,22,Male,IT,Masters,1,36778,7,Consultant,2,5,8,Yes,Medium
849,31,Male,Marketing,Bachelors,6,81650,71,Analyst,1,1,7,No,Low
850,30,Female,Sales,Bachelors,4,41526,96,Analyst,4,5,14,Yes,High
851,48,Male,Finance,PhD,17,85098,23,Consultant,4,3,13,Yes,Medium
852,50,Male,HR,PhD,24,90047,55,Consultant,3,1,5,Yes,Medium
853,37,Female,Sales,PhD,13,87112,35,Manager,5,4,5,Yes,Medium
854,35,Female,Sales,Masters,12,33781,34,Consultant,3,2,11,No,Medium
855,28,Female,Finance,PhD,6,130549,3,Executive,2,5,10,No,Medium
856,43,Female,Finance,Masters,20,79536,19,Manager,4,1,9,Yes,Medium
857,41,Female,IT,PhD,19,141437,57,Engineer,4,1,1,Yes,Low
858,37,Male,Marketing,Masters,6,104401,51,Executive,2,2,1,Yes,Low
859,56,Female,Marketing,Masters,10,125584,99,Manager,4,4,4,No,High
860,24,Male,IT,PhD,0,126098,18,Manager,4,4,4,Yes,Medium
861,48,Female,IT,PhD,21,113572,81,Consultant,1,3,5,No,Medium
862,47,Male,Marketing,Masters,5,101874,83,Executive,1,3,7,No,Medium
863,55,Male,IT,Bachelors,10,119690,78,Analyst,4,1,2,Yes,Medium
864,45,Female,Finance,PhD,16,23438,50,Analyst,5,3,10,No,Medium
865,56,Female,Marketing,PhD,9,21050,81,Analyst,3,1,12,Yes,Medium
866,28,Male,IT,PhD,2,98109,91,Executive,1,2,7,No,Medium
867,40,Male,IT,PhD,19,138186,58,Consultant,2,5,12,No,High
868,30,Male,Marketing,PhD,7,119396,67,Consultant,1,2,11,No,Medium
869,23,Female,HR,PhD,0,45957,36,Engineer,5,1,13,No,Medium
870,30,Male,Marketing,Masters,0,86396,52,Executive,4,2,9,Yes,Medium
871,45,Female,Marketing,PhD,19,28324,59,Consultant,4,4,6,Yes,High
872,31,Male,HR,PhD,6,71499,37,Executive,2,4,10,Yes,Medium
873,43,Male,Sales,PhD,3,46370,92,Executive,4,2,6,No,Medium
874,47,Female,HR,Bachelors,20,40912,11,Consultant,5,1,8,Yes,Medium
875,27,Male,HR,Bachelors,3,58896,43,Executive,5,3,8,Yes,Medium
876,54,Female,HR,Bachelors,30,56926,49,Consultant,2,1,11,Yes,Medium
877,29,Male,Sales,Bachelors,8,54064,43,Engineer,3,2,14,No,Medium
878,32,Male,Sales,PhD,0,76850,16,Consultant,3,5,3,No,Medium
879,28,Male,HR,Bachelors,7,125764,40,Executive,3,4,12,Yes,Medium
880,31,Female,Sales,Bachelors,2,46145,28,Engineer,2,5,4,Yes,Medium
881,32,Female,IT,Masters,10,128006,86,Engineer,4,2,2,No,Medium
882,39,Male,Marketing,Bachelors,0,80770,18,Manager,2,1,1,No,Low
883,31,Male,HR,PhD,2,95192,37,Engineer,3,5,1,No,Medium
884,27,Female,IT,Masters,1,50203,91,Analyst,4,2,11,Yes,Medium
885,21,Male,Finance,Bachelors,0,82710,30,Executive,4,1,4,No,Low
886,31,Female,Finance,Masters,6,85550,43,Executive,5,2,5,No,Medium
887,49,Female,Marketing,PhD,22,66382,87,Manager,4,5,3,Yes,High
888,46,Male,IT,Masters,1,128944,71,Manager,5,4,13,No,High
889,49,Female,Sales,Bachelors,23,91448,27,Consultant,1,1,4,Yes,Low
890,27,Male,IT,Masters,0,116534,75,Executive,1,1,14,No,Medium
891,52,Male,Finance,Bachelors,20,39103,45,Manager,3,5,8,No,High
892,21,Male,HR,Bachelors,0,65344,65,Executive,2,4,13,No,Medium
893,28,Female,Marketing,Masters,4,59983,21,Analyst,2,2,8,Yes,Low
894,44,Male,Marketing,PhD,12,111573,88,Engineer,4,1,2,Yes,Medium
895,58,Male,IT,PhD,18,135856,57,Executive,4,2,1,No,Medium
896,37,Male,Marketing,PhD,13,88007,57,Analyst,5,1,5,No,Medium
897,23,Female,HR,Bachelors,1,33780,29,Engineer,1,4,1,Yes,Medium
898,27,Male,HR,PhD,3,140749,54,Consultant,2,1,4,No,Low
899,48,Female,HR,Bachelors,19,92872,30,Analyst,3,4,4,No,Medium
900,39,Male,Marketing,PhD,9,95590,57,Analyst,2,2,13,Yes,Medium
901,51,Male,Finance,PhD,17,87304,19,Engineer,1,4,3,No,Medium
902,33,Female,Finance,Bachelors,3,109957,13,Manager,2,5,11,No,Medium
903,25,Male,HR,Masters,0,51068,91,Consultant,2,3,7,No,Medium
904,55,Female,Sales,PhD,33,84087,26,Engineer,5,2,12,Yes,Medium
905,57,Female,Sales,PhD,28,49442,43,Analyst,4,3,7,Yes,Medium
906,34,Female,Sales,Bachelors,5,47046,96,Analyst,3,2,14,Yes,Medium
907,25,Male,Marketing,Masters,3,137571,82,Engineer,3,4,12,Yes,High
908,52,Female,IT,Bachelors,26,27081,23,Analyst,5,2,5,Yes,Medium
909,58,Male,Sales,Bachelors,37,113263,13,Engineer,3,2,14,Yes,Medium
910,23,Female,HR,Bachelors,0,70511,65,Analyst,3,2,12,Yes,Medium
911,43,Male,Marketing,Bachelors,14,43489,50,Executive,5,4,3,No,Medium
912,29,Female,Marketing,PhD,2,29462,1,Engineer,2,5,4,Yes,Medium
913,47,Male,HR,PhD,18,30624,70,Executive,3,5,14,Yes,High
914,51,Female,HR,Masters,30,62181,70,Consultant,3,1,4,No,Medium
915,34,Male,HR,Bachelors,10,82166,36,Manager,4,3,1,No,Medium
916,55,Male,Marketing,Bachelors,9,57959,95,Consultant,4,1,8,No,Medium
917,27,Male,IT,PhD,1,79880,88,Executive,5,4,6,No,High
918,22,Male,Sales,Bachelors,1,127495,20,Executive,3,5,14,No,High
919,38,Female,Finance,PhD,15,133275,45,Engineer,2,2,5,No,Medium
920,46,Female,Sales,Masters,14,123140,82,Consultant,5,5,9,No,High
921,33,Male,Marketing,Masters,5,32508,27,Executive,4,3,8,Yes,Medium
922,32,Female,Marketing,Masters,4,145885,24,Engineer,5,2,14,No,Medium
923,28,Male,Finance,Masters,0,124065,7,Consultant,1,5,12,No,Medium
924,33,Female,HR,Masters,4,104073,2,Engineer,5,4,8,Yes,Medium
925,35,Female,Finance,PhD,8,93750,47,Manager,1,4,11,Yes,Medium
926,42,Female,Finance,PhD,9,139276,49,Manager,4,3,7,No,Medium
927,45,Female,IT,Bachelors,5,26383,57,Manager,2,2,8,Yes,Medium
928,30,Male,IT,PhD,0,61332,51,Consultant,1,5,11,Yes,Medium
929,22,Male,Marketing,Bachelors,1,44460,26,Manager,2,2,12,No,Medium
930,23,Female,Finance,Masters,2,20121,76,Analyst,4,2,4,Yes,Medium
931,21,Male,Marketing,Masters,0,51782,63,Analyst,3,2,11,Yes,Medium
932,56,Male,Sales,PhD,9,29096,54,Engineer,5,3,6,Yes,Medium
933,50,Male,HR,Masters,8,63224,19,Manager,3,5,10,No,High
934,40,Female,Finance,PhD,10,108269,78,Engineer,5,2,3,Yes,Medium
935,26,Male,IT,Masters,2,41067,25,Manager,1,3,10,No,Medium
936,49,Female,Finance,PhD,16,130819,31,Executive,4,4,4,Yes,Medium
937,36,Female,Marketing,Masters,6,41268,82,Manager,1,5,14,No,High
938,25,Male,Finance,PhD,2,108595,36,Consultant,5,5,2,No,High
939,32,Male,HR,Bachelors,3,81626,9,Manager,2,3,5,Yes,Medium
940,55,Female,IT,PhD,0,43573,60,Manager,3,2,10,Yes,Medium
941,23,Male,Finance,Masters,2,20307,84,Analyst,4,4,8,No,High
942,43,Female,Marketing,Masters,15,82312,61,Executive,5,3,10,Yes,High
943,47,Female,HR,Bachelors,4,56771,72,Engineer,2,1,9,No,Low
944,47,Male,Sales,Bachelors,17,120943,2,Analyst,5,1,5,Yes,Low
945,29,Male,Marketing,Masters,0,149768,90,Analyst,1,2,14,No,Medium
946,51,Male,Sales,PhD,14,34849,41,Engineer,2,4,2,No,Medium
947,26,Female,Marketing,PhD,0,45797,31,Manager,2,5,9,No,Medium
948,52,Male,Sales,Bachelors,21,110319,31,Consultant,1,2,13,No,Medium
949,24,Female,HR,PhD,2,41984,57,Consultant,3,1,4,No,Low
950,27,Male,HR,Masters,3,53186,39,Manager,2,1,8,No,Low
951,48,Female,IT,Masters,17,56536,93,Manager,2,4,6,No,Medium
952,31,Male,Sales,Masters,7,131840,61,Consultant,5,3,7,No,Medium
953,59,Female,IT,Bachelors,36,95164,65,Manager,5,3,2,No,Medium
954,48,Female,IT,Bachelors,24,36861,72,Manager,3,1,3,No,Medium
955,31,Female,IT,PhD,10,70907,67,Consultant,5,5,2,Yes,High
956,36,Female,Finance,Masters,11,138929,47,Executive,1,3,7,Yes,Medium
957,50,Female,IT,PhD,16,65144,84,Consultant,4,3,7,Yes,Medium
958,35,Female,HR,Bachelors,9,132535,89,Consultant,4,5,7,Yes,High
959,51,Male,Sales,PhD,13,44904,36,Engineer,4,3,9,Yes,Medium
960,34,Male,HR,Bachelors,6,78669,43,Manager,5,2,10,Yes,Medium
961,48,Female,IT,PhD,8,76540,58,Executive,3,1,12,No,Medium
962,29,Male,Marketing,PhD,8,68626,31,Analyst,2,1,4,No,Low
963,34,Female,Finance,Bachelors,13,78889,19,Engineer,4,2,13,Yes,Medium
964,27,Female,HR,Bachelors,5,132364,97,Analyst,3,4,5,Yes,Medium
965,24,Male,Marketing,Bachelors,1,65016,10,Executive,1,2,10,Yes,Low
966,57,Female,Finance,Masters,9,135954,93,Executive,1,5,6,Yes,High
967,37,Female,Marketing,PhD,1,132277,56,Analyst,5,5,5,No,High
968,57,Female,Marketing,Bachelors,14,62615,86,Analyst,1,1,12,Yes,Medium
969,39,Male,Sales,PhD,15,69213,15,Consultant,1,2,1,Yes,Low
970,36,Male,Marketing,Bachelors,10,112420,13,Executive,2,2,5,Yes,Low
971,53,Female,IT,PhD,25,40819,47,Executive,3,5,8,No,High
972,39,Male,Marketing,Masters,3,69476,38,Manager,2,1,13,No,Low
973,27,Female,Finance,PhD,1,22835,26,Analyst,3,3,3,Yes,Medium
974,40,Male,Sales,Masters,9,29696,29,Analyst,5,4,3,No,Medium
975,25,Male,Marketing,PhD,1,22846,79,Executive,4,5,6,Yes,High
976,44,Female,Finance,PhD,14,50465,75,Analyst,1,1,13,No,Medium
977,34,Female,IT,Bachelors,8,92207,10,Executive,5,1,3,Yes,Low
978,46,Male,HR,Bachelors,14,25072,87,Analyst,5,5,10,No,High
979,49,Male,Finance,Masters,22,53525,33,Executive,4,1,10,Yes,Medium
980,42,Female,HR,Masters,6,130475,12,Executive,5,3,4,No,Medium
981,24,Male,Sales,PhD,1,34624,5,Analyst,5,5,2,Yes,Medium
982,33,Female,Marketing,Masters,2,52241,55,Analyst,4,5,5,No,High
983,29,Female,Sales,Masters,3,127370,44,Executive,5,1,5,Yes,Medium
984,43,Male,IT,Masters,6,90418,98,Executive,5,3,11,No,High
985,31,Male,IT,Masters,5,134471,91,Consultant,1,3,8,No,Medium
986,33,Female,Finance,Bachelors,10,75140,52,Executive,3,2,6,Yes,Medium
987,36,Female,Marketing,Bachelors,3,56517,43,Analyst,3,5,13,Yes,High
988,55,Male,Marketing,PhD,24,64938,82,Consultant,1,5,6,No,High
989,48,Male,Marketing,PhD,14,27842,66,Manager,4,2,13,No,Medium
990,51,Male,Marketing,PhD,25,87611,38,Manager,2,2,7,Yes,Medium
991,42,Female,Finance,PhD,9,64287,79,Analyst,3,2,11,Yes,Medium
992,53,Female,IT,Masters,3,84120,2,Manager,5,4,13,No,High
993,46,Male,HR,PhD,7,111715,14,Consultant,3,4,12,No,Medium
994,31,Male,IT,PhD,3,139653,82,Manager,3,1,7,No,Medium
995,50,Male,HR,Masters,7,90227,71,Engineer,4,2,8,No,Medium
996,37,Female,Marketing,Bachelors,8,80978,38,Executive,4,5,10,Yes,High
997,24,Female,HR,PhD,3,104084,86,Executive,5,1,4,No,Medium
998,44,Female,Marketing,Bachelors,11,148332,3,Engineer,1,5,7,No,Medium
999,59,Female,Marketing,Masters,11,109291,95,Manager,2,5,8,Yes,High
1000,52,Male,Marketing,Bachelors,2,52869,11,Manager,4,5,2,No,Medium
