Age,Years_Experience,Salary,Training_Hours,Work_Environment_Satisfaction,Last_Performance_Rating,Projects_Handled,Performance,Gender_Male,Department_HR,Department_IT,Department_Marketing,Department_Sales,Education_Level_Masters,Education_Level_PhD,Job_Role_Consultant,Job_Role_Engineer,Job_Role_Executive,Job_Role_Manager,Overtime_Yes
40,17,133276,55,5,4,10,2,True,False,False,True,False,False,False,True,False,False,False,True
41,16,74624,85,1,5,7,2,True,False,False,False,False,False,False,False,False,False,False,False
28,1,130526,73,3,2,7,1,True,False,False,False,False,False,False,False,False,False,True,True
33,2,89150,13,1,1,8,0,True,False,False,True,False,False,False,True,False,False,False,False
27,3,69071,90,3,2,5,1,True,False,False,True,False,False,False,False,False,True,False,True
26,1,67183,57,4,5,5,2,False,True,False,False,False,True,False,False,False,True,False,False
33,5,134360,48,1,2,9,0,True,False,False,False,True,True,False,False,False,False,False,False
30,7,44595,17,2,1,4,0,True,False,False,False,False,False,True,False,True,False,False,True
36,13,98528,91,1,5,9,2,False,True,False,False,False,False,True,False,False,False,True,False
48,25,148049,37,3,3,12,1,False,False,True,False,False,False,False,True,False,False,False,False
25,1,95966,68,4,5,11,2,False,False,True,False,False,False,True,False,False,False,True,True
53,27,144453,86,1,3,2,1,True,False,False,False,True,False,False,False,False,False,True,False
54,12,30681,62,1,5,5,1,False,True,False,False,False,True,False,True,False,False,False,False
53,31,66414,94,1,5,3,2,False,False,False,False,True,False,False,False,False,False,True,True
58,29,49434,24,1,5,14,2,False,True,False,False,False,False,True,False,True,False,False,False
42,2,36625,97,5,3,5,1,True,False,False,True,False,False,True,True,False,False,False,True
32,2,103261,54,4,5,5,2,True,False,False,False,True,True,False,False,False,False,False,True
37,1,113738,73,5,4,6,2,False,False,True,False,False,True,False,False,False,True,False,True
46,14,127826,46,3,3,12,1,True,True,False,False,False,False,True,False,True,False,False,False
29,0,148747,79,5,2,10,1,False,False,False,False,True,False,True,False,True,False,False,True
37,8,23543,67,2,3,9,1,True,False,False,False,True,False,False,False,True,False,False,True
37,9,140723,57,5,4,4,2,False,False,True,False,False,False,False,True,False,False,False,True
40,15,109798,65,3,3,7,1,True,False,False,False,True,False,False,False,False,True,False,True
29,5,60974,87,2,3,6,1,True,False,False,True,False,True,False,False,False,False,False,False
29,3,137252,29,4,4,8,1,False,True,False,False,False,True,False,False,False,True,False,False
21,0,88533,29,1,1,11,0,True,False,False,True,False,False,True,False,False,False,True,False
41,7,66878,49,1,3,8,1,True,False,False,False,False,True,False,False,False,True,False,False
45,0,48243,42,3,1,8,0,False,False,False,False,False,True,False,True,False,False,False,True
41,18,82171,39,2,2,2,0,True,False,False,True,False,False,True,False,False,False,False,False
28,0,122172,9,5,1,6,0,True,False,True,False,False,False,True,False,False,False,False,True
33,12,65248,65,2,5,11,2,False,False,False,False,False,False,True,False,True,False,False,False
50,4,85818,73,1,4,1,1,True,True,False,False,False,False,True,False,False,True,False,True
22,0,138432,32,5,1,5,0,False,False,False,False,True,True,False,False,False,False,False,True
42,10,126897,80,2,1,10,1,False,False,True,False,False,True,False,False,False,False,False,False
27,0,81025,94,5,1,2,1,True,False,False,False,True,True,False,False,False,True,False,True
27,1,78179,23,4,4,6,1,True,False,True,False,False,False,True,False,False,False,False,True
29,2,81827,37,1,1,3,0,False,True,False,False,False,False,True,False,False,True,False,False
56,21,141115,44,5,2,7,1,True,False,False,True,False,False,True,False,True,False,False,False
48,2,71176,57,4,5,9,2,True,True,False,False,False,False,False,False,False,True,False,False
56,27,62385,22,3,2,7,1,True,False,True,False,False,False,True,False,False,False,True,False
24,2,69712,23,2,1,5,0,False,False,True,False,False,False,False,False,False,False,True,True
51,30,142555,64,1,2,13,1,False,True,False,False,False,False,False,False,False,False,True,False
22,1,68602,40,5,3,11,1,False,False,False,False,True,True,False,False,False,False,False,False
21,0,63897,36,3,4,8,1,True,False,False,True,False,True,False,True,False,False,False,True
23,2,59584,98,5,5,4,2,True,False,False,True,False,False,False,False,True,False,False,True
44,20,25548,48,3,1,12,1,True,False,False,False,True,False,True,True,False,False,False,True
27,5,58300,71,1,5,11,2,False,True,False,False,False,False,True,False,False,False,False,True
38,1,51835,17,5,3,9,1,True,False,True,False,False,False,False,False,False,True,False,True
50,11,113636,51,4,2,9,1,False,False,False,True,False,True,False,False,False,True,False,False
43,0,96716,63,1,3,3,1,False,True,False,False,False,False,True,False,True,False,False,False
32,11,108604,86,5,3,11,2,True,True,False,False,False,True,False,True,False,False,False,False
27,2,106332,31,4,4,3,1,False,True,False,False,False,False,False,False,True,False,False,True
33,0,112320,98,4,1,13,1,True,False,False,False,False,False,False,True,False,False,False,True
36,12,56145,16,4,5,10,2,False,False,False,False,False,False,True,False,False,False,True,False
53,29,141171,33,4,3,11,1,False,False,False,False,True,False,False,True,False,False,False,False
58,10,85698,82,1,4,7,1,False,False,False,False,False,False,False,False,False,True,False,False
30,2,51058,47,5,4,2,1,True,True,False,False,False,False,False,False,False,False,False,False
34,11,57442,78,3,4,8,2,True,False,True,False,False,False,True,False,False,False,False,False
51,3,98681,57,4,4,4,1,True,False,False,False,False,True,False,True,False,False,False,False
49,0,122390,73,2,2,12,1,True,False,False,False,True,False,True,False,False,False,True,False
34,3,41548,87,1,3,7,1,False,True,False,False,False,False,False,False,True,False,False,False
37,13,42388,78,5,4,4,2,True,False,False,True,False,False,True,False,True,False,False,True
55,17,104252,28,2,4,5,1,False,False,False,False,False,False,True,False,False,True,False,False
30,1,33078,1,5,3,2,1,False,False,False,False,False,False,False,False,False,False,False,True
41,9,123879,4,2,2,7,0,True,False,False,False,True,True,False,False,False,True,False,False
43,22,28611,55,3,1,5,1,True,False,False,False,False,False,True,False,False,False,True,False
50,1,62094,92,1,3,10,1,True,False,False,True,False,False,True,True,False,False,False,True
34,4,83027,29,4,2,7,1,True,False,False,True,False,True,False,False,False,False,False,False
49,5,25684,76,4,1,8,1,True,False,False,False,False,False,True,False,False,False,True,True
56,17,121706,75,1,5,14,2,False,True,False,False,False,True,False,True,False,False,False,False
40,6,31904,88,1,3,3,1,False,False,True,False,False,False,True,True,False,False,False,True
49,7,84936,38,2,1,6,0,True,False,True,False,False,True,False,False,True,False,False,False
37,1,121368,79,1,1,1,0,True,False,False,False,True,False,True,False,False,False,True,True
46,15,20666,96,4,5,6,2,True,False,True,False,False,False,True,False,True,False,False,True
35,13,134662,33,5,5,12,2,True,True,False,False,False,True,False,True,False,False,False,False
23,1,98534,62,2,5,13,2,False,False,False,True,False,False,True,False,True,False,False,True
36,6,63749,41,5,5,14,2,True,False,False,False,True,True,False,False,True,False,False,False
31,6,76853,10,2,1,8,0,True,True,False,False,False,False,True,False,False,False,False,True
59,28,70961,1,2,3,6,1,False,True,False,False,False,True,False,False,False,False,False,True
53,15,130504,45,3,1,2,0,False,False,False,False,False,True,False,False,False,False,False,False
59,5,71738,54,2,2,4,0,False,False,True,False,False,False,True,True,False,False,False,False
22,0,107241,95,2,2,12,1,False,True,False,False,False,True,False,False,False,False,True,True
55,1,114763,73,4,1,13,1,True,False,False,False,True,False,True,True,False,False,False,False
43,7,140622,10,2,4,7,1,True,False,False,False,False,False,True,False,False,False,True,True
27,1,39593,95,5,1,10,1,False,False,False,True,False,False,True,False,True,False,False,True
50,21,99651,28,1,4,10,1,True,False,False,False,True,False,True,True,False,False,False,False
49,22,118172,64,5,2,5,1,True,False,False,True,False,False,False,False,False,False,True,False
37,9,35865,20,3,3,3,1,False,False,False,False,True,False,True,False,False,False,False,False
55,6,66244,36,3,5,10,2,True,True,False,False,False,True,False,False,True,False,False,True
31,1,102929,47,2,4,14,1,False,False,False,False,False,True,False,False,False,False,False,False
47,21,97713,50,5,5,14,2,False,True,False,False,False,False,False,False,False,False,False,True
51,18,132634,14,1,5,2,1,True,False,True,False,False,False,False,False,False,False,True,True
29,6,31199,14,3,1,13,0,True,False,True,False,False,True,False,False,False,True,False,False
30,9,124020,11,1,3,6,0,True,False,True,False,False,False,True,False,True,False,False,False
23,2,68014,85,2,2,1,0,True,False,False,True,False,False,True,False,False,False,True,True
34,6,94310,46,2,5,8,1,True,False,False,False,False,False,True,False,True,False,False,False
30,1,27831,57,1,4,3,1,False,True,False,False,False,False,False,False,False,True,False,True
25,2,112341,47,4,4,4,1,True,False,False,False,False,True,False,False,False,True,False,True
30,4,146667,94,4,3,2,1,False,False,False,False,True,False,False,False,False,False,False,False
37,11,68507,98,5,2,12,2,True,False,False,False,True,True,False,True,False,False,False,True
26,2,65018,18,4,2,12,1,False,False,True,False,False,False,True,True,False,False,False,False
45,0,38534,66,5,1,9,1,False,False,False,False,True,False,True,False,False,True,False,False
57,1,29657,53,5,3,8,1,True,False,False,True,False,False,True,True,False,False,False,False
24,1,33376,2,2,3,10,1,False,False,False,True,False,False,True,False,False,False,False,False
35,9,149999,53,3,1,2,0,True,False,True,False,False,True,False,False,False,False,True,True
51,10,47493,11,1,2,13,0,True,True,False,False,False,True,False,False,False,True,False,False
24,0,110276,40,4,3,7,1,True,True,False,False,False,True,False,False,False,False,False,False
44,7,105019,48,5,2,4,1,False,False,False,False,False,True,False,False,False,False,False,True
54,4,58016,11,2,2,11,0,False,False,False,False,False,True,False,False,True,False,False,False
39,14,54334,60,1,1,7,0,True,False,True,False,False,False,True,False,True,False,False,True
35,0,138692,0,2,1,5,0,False,False,False,False,False,True,False,True,False,False,False,True
52,17,134853,85,2,4,1,1,True,False,True,False,False,True,False,False,False,False,True,True
58,35,120192,36,4,2,11,1,True,False,False,False,True,False,True,False,False,False,False,False
35,0,28208,28,3,5,1,1,False,False,True,False,False,False,False,True,False,False,False,True
23,0,107293,16,1,4,9,1,False,False,False,False,True,True,False,False,False,False,True,True
49,21,76973,35,2,3,6,1,True,True,False,False,False,False,True,True,False,False,False,True
47,8,133134,99,1,3,4,1,True,False,False,False,False,False,False,False,False,True,False,False
47,10,125484,85,3,2,5,1,False,False,True,False,False,False,True,True,False,False,False,True
28,3,136940,67,2,1,3,0,True,True,False,False,False,True,False,False,False,False,False,False
39,15,42660,73,2,2,3,1,False,False,False,False,False,False,False,False,False,False,True,True
31,7,82100,4,3,3,8,1,True,False,False,False,False,True,False,False,True,False,False,False
45,23,76390,74,3,1,9,1,False,False,False,False,True,False,False,False,False,True,False,False
31,7,141288,26,5,1,9,1,False,False,True,False,False,True,False,False,False,False,False,False
31,3,147527,55,2,3,6,1,False,True,False,False,False,True,False,False,False,False,True,False
59,13,95319,27,3,4,14,2,True,False,False,True,False,False,False,False,False,False,False,False
23,2,109763,58,5,2,9,1,False,True,False,False,False,False,False,False,False,False,True,True
57,29,64964,81,2,5,9,2,False,False,False,False,True,False,True,False,False,False,True,True
46,17,24359,24,2,1,3,0,False,True,False,False,False,False,False,False,False,False,False,False
34,8,98932,87,1,3,1,1,False,False,False,True,False,False,False,False,False,False,True,True
41,11,114194,23,3,3,2,1,True,False,True,False,False,False,False,True,False,False,False,False
26,0,66484,11,3,3,2,1,True,False,False,False,False,False,True,False,False,False,True,False
57,35,48251,57,4,1,3,1,True,True,False,False,False,False,True,False,False,True,False,True
49,18,21988,23,4,3,4,1,True,False,False,False,False,False,True,False,False,False,True,True
23,1,58991,99,1,4,2,1,True,False,False,True,False,False,False,False,False,True,False,True
42,10,121559,18,1,5,9,1,False,True,False,False,False,False,True,True,False,False,False,True
59,27,27607,65,5,1,14,1,True,False,False,False,True,True,False,False,False,True,False,True
48,7,27998,71,1,2,13,1,False,False,False,True,False,False,False,False,True,False,False,False
35,9,56456,79,2,1,9,1,True,False,False,False,True,False,False,True,False,False,False,True
56,22,106525,24,3,4,2,1,True,False,True,False,False,True,False,False,False,True,False,False
58,21,137118,48,3,1,3,0,True,False,False,True,False,True,False,False,False,False,False,False
30,5,28191,8,1,2,3,0,False,False,True,False,False,True,False,False,False,True,False,False
32,3,58834,3,3,3,13,1,True,True,False,False,False,False,True,True,False,False,False,True
36,7,125631,49,5,4,5,1,True,False,False,False,False,False,True,True,False,False,False,False
58,2,84389,7,4,4,10,1,False,False,False,True,False,True,False,False,False,False,False,True
40,17,29289,96,2,2,10,1,True,False,False,True,False,False,True,False,False,False,False,True
37,1,125903,98,5,5,1,2,True,False,False,False,True,False,True,False,False,True,False,False
52,10,62495,44,3,1,7,0,True,False,False,True,False,False,True,False,False,False,False,True
55,5,87245,81,5,4,11,2,True,False,False,True,False,False,True,False,True,False,False,True
56,17,148515,64,5,5,14,2,False,False,False,False,True,False,True,False,False,True,False,False
45,2,124124,75,2,3,6,1,True,True,False,False,False,True,False,False,False,False,False,False
29,0,46279,98,5,2,6,1,True,False,False,False,False,False,False,False,False,True,False,True
22,1,131279,40,2,1,11,0,True,False,False,True,False,False,False,False,False,False,True,False
26,2,102268,88,4,1,5,1,True,False,False,True,False,False,False,False,False,True,False,False
33,8,63648,84,5,3,6,1,False,False,False,True,False,True,False,False,False,True,False,True
31,2,29580,75,5,1,13,1,False,False,False,False,False,False,True,False,True,False,False,True
26,5,92630,55,3,5,11,2,False,False,False,True,False,True,False,True,False,False,False,False
50,8,41426,97,2,4,8,1,True,False,False,True,False,True,False,True,False,False,False,True
57,31,35710,12,5,2,9,1,False,False,False,True,False,False,False,False,True,False,False,True
56,18,106067,57,1,3,2,1,False,True,False,False,False,False,True,False,False,True,False,True
25,0,34622,9,2,4,12,1,True,False,False,False,True,True,False,True,False,False,False,False
35,5,79672,60,3,1,6,0,True,False,False,False,False,True,False,False,True,False,False,True
58,29,39874,85,1,4,13,2,False,False,False,False,False,False,False,True,False,False,False,False
38,6,57379,73,5,3,10,2,True,False,True,False,False,False,False,False,False,True,False,True
54,5,104812,48,5,5,3,2,True,True,False,False,False,False,False,False,False,False,True,True
29,1,87196,57,3,3,1,1,True,True,False,False,False,True,False,False,False,False,False,True
25,0,62166,33,5,5,9,2,True,False,False,False,True,False,False,True,False,False,False,False
21,0,117034,2,2,5,9,1,False,False,True,False,False,True,False,False,False,False,True,False
22,0,91770,37,5,3,10,1,False,False,False,False,True,False,False,False,True,False,False,True
37,1,88616,17,4,3,11,1,True,False,False,False,False,False,True,False,False,False,True,True
26,4,26544,74,5,5,10,2,False,True,False,False,False,False,False,True,False,False,False,True
36,15,90775,91,5,3,13,2,True,True,False,False,False,False,True,False,True,False,False,False
41,20,60217,41,4,4,7,1,True,False,False,True,False,False,True,False,False,False,True,False
49,8,32423,45,2,1,3,0,True,False,False,False,False,False,True,False,True,False,False,True
57,10,144914,80,4,2,9,1,False,False,False,False,True,False,False,False,True,False,False,False
25,0,41573,56,1,5,7,1,True,False,False,True,False,False,True,False,True,False,False,False
43,4,41739,27,2,4,3,1,False,True,False,False,False,False,True,False,False,False,False,False
54,20,143643,59,2,4,11,1,True,True,False,False,False,False,True,False,False,False,True,True
24,0,114193,14,4,5,9,2,False,True,False,False,False,False,False,False,True,False,False,False
56,21,57101,49,2,1,14,1,True,False,False,False,True,False,False,True,False,False,False,False
36,13,71616,92,4,3,3,1,True,True,False,False,False,True,False,True,False,False,False,True
59,4,24396,35,2,5,5,1,True,False,False,True,False,False,False,False,False,False,False,True
44,4,143643,7,3,3,1,0,True,False,False,True,False,False,False,False,False,False,False,True
46,1,129291,33,3,1,4,0,False,True,False,False,False,False,False,False,False,False,False,False
46,7,43543,61,5,4,9,2,True,False,False,False,True,False,True,False,True,False,False,False
43,9,96493,55,1,2,14,1,False,False,False,True,False,False,False,False,False,True,False,True
21,0,87695,73,4,1,6,1,True,False,False,False,True,False,True,False,False,True,False,False
57,11,48430,6,3,5,14,2,True,False,False,True,False,False,False,False,True,False,False,True
42,18,136354,81,4,4,8,2,True,False,False,False,False,False,False,False,True,False,False,False
38,2,80905,72,5,3,2,1,True,False,False,False,False,False,True,False,True,False,False,False
41,12,28272,56,1,2,12,1,True,False,False,False,True,False,True,False,True,False,False,True
47,12,92773,23,3,5,13,2,True,False,False,False,True,False,True,False,False,True,False,False
44,8,145313,89,4,3,7,1,False,False,False,False,True,False,False,False,False,False,False,True
47,26,138101,9,5,3,14,2,False,False,True,False,False,True,False,False,False,True,False,True
35,4,100659,19,2,2,10,0,False,False,False,False,True,True,False,False,False,False,True,False
46,3,118815,23,5,1,3,0,True,False,True,False,False,False,True,True,False,False,False,False
36,6,130504,97,3,4,2,1,True,False,False,False,False,True,False,False,False,False,True,True
43,12,83812,76,2,5,4,1,False,False,True,False,False,False,False,False,False,False,True,True
46,0,113485,50,2,5,5,1,True,False,False,True,False,False,True,False,False,False,False,False
34,9,34869,71,2,4,7,1,False,False,False,False,True,True,False,False,False,True,False,False
53,5,112909,95,1,4,7,1,False,True,False,False,False,False,False,False,False,True,False,False
58,26,149033,19,3,5,6,2,True,True,False,False,False,True,False,False,False,False,False,False
31,9,107346,95,1,3,2,1,True,False,False,False,False,False,True,False,False,True,False,False
46,0,96969,46,5,3,2,1,False,False,False,False,False,True,False,False,False,False,False,True
47,21,145464,98,5,2,8,1,True,False,False,False,True,False,False,False,False,False,False,True
58,27,94388,31,4,2,12,1,False,False,True,False,False,False,False,False,False,False,False,True
39,7,149608,67,5,1,8,1,False,False,False,False,True,True,False,False,False,False,True,False
48,7,113628,77,5,4,12,2,True,True,False,False,False,False,True,False,False,False,True,True
30,2,111807,5,1,5,7,1,False,False,True,False,False,False,False,False,False,False,True,True
56,12,105876,91,5,4,6,2,False,False,False,True,False,False,False,False,False,False,False,True
52,13,46603,94,1,5,7,2,False,False,True,False,False,False,False,False,True,False,False,False
29,0,80869,34,4,2,11,1,True,False,False,False,True,False,True,False,True,False,False,False
51,27,105585,54,5,1,14,1,False,False,True,False,False,False,False,True,False,False,False,True
41,4,91242,18,4,4,9,1,True,False,False,True,False,True,False,False,False,False,False,True
25,1,102302,20,1,3,10,1,True,False,False,False,True,False,True,False,False,False,False,True
32,9,146753,71,5,5,4,2,True,False,False,False,False,True,False,False,False,False,True,True
56,8,61821,22,4,3,7,1,True,True,False,False,False,True,False,False,False,False,True,True
33,1,143742,56,5,1,5,1,True,False,False,False,True,False,True,False,False,False,False,True
39,5,71404,80,2,2,1,0,True,False,False,True,False,False,True,False,False,False,True,False
22,1,102026,96,3,5,14,2,False,False,False,False,True,False,True,False,False,True,False,True
38,7,54223,71,4,3,8,1,True,False,False,False,True,False,False,False,False,False,True,False
59,0,21033,21,3,4,12,1,True,True,False,False,False,False,False,False,False,False,True,False
47,24,113181,14,2,1,2,0,True,False,True,False,False,False,True,False,False,False,False,True
21,0,89872,14,1,2,12,0,True,False,True,False,False,False,True,False,True,False,False,False
44,5,101639,51,3,5,6,2,True,True,False,False,False,False,True,False,False,False,False,True
29,8,33564,22,5,4,5,1,True,False,False,True,False,False,True,True,False,False,False,True
55,9,143056,55,2,2,12,1,True,False,False,False,True,False,True,False,False,True,False,False
33,0,91282,9,2,5,12,1,True,False,False,True,False,False,False,False,True,False,False,True
59,4,92947,10,3,3,6,1,False,False,True,False,False,True,False,False,False,True,False,True
33,3,99412,35,2,3,13,1,False,False,False,False,True,True,False,False,False,False,True,False
38,10,52347,25,1,4,3,1,True,False,False,True,False,False,True,False,False,True,False,False
27,3,31034,12,3,5,12,2,True,False,False,False,True,True,False,False,False,True,False,False
48,10,50950,54,3,1,10,1,False,True,False,False,False,True,False,False,False,False,False,True
23,2,21949,17,5,5,14,2,True,True,False,False,False,False,False,False,False,False,True,False
49,16,67538,40,3,5,3,1,True,False,False,True,False,False,False,False,False,True,False,False
29,6,68666,66,3,2,11,1,True,True,False,False,False,True,False,False,False,False,True,True
35,12,34471,93,5,5,3,2,False,False,False,False,False,True,False,False,False,True,False,True
49,6,58002,87,3,5,3,2,True,False,False,True,False,True,False,True,False,False,False,False
53,2,55286,12,1,5,9,1,True,False,False,False,True,False,False,True,False,False,False,True
34,5,96811,5,2,4,1,1,False,False,False,True,False,True,False,False,False,False,False,True
36,5,46169,14,5,5,4,2,False,True,False,False,False,False,False,False,False,True,False,False
38,14,47713,39,1,1,12,0,False,False,False,False,True,False,False,False,False,True,False,False
23,2,79203,60,1,4,1,1,False,False,False,False,True,True,False,False,False,False,True,False
48,0,114457,79,3,3,5,1,False,False,False,False,False,False,True,False,True,False,False,False
30,2,88317,70,2,5,12,2,True,False,False,False,False,False,False,False,False,False,False,True
55,7,24856,28,5,3,2,1,True,True,False,False,False,True,False,False,False,False,True,False
43,0,86587,11,1,2,5,0,True,False,False,False,True,False,True,False,True,False,False,False
41,13,62654,17,1,3,3,0,True,False,False,False,False,False,True,False,False,False,True,False
59,6,24331,72,3,1,11,1,True,False,False,True,False,False,False,False,False,False,True,True
43,8,145562,89,2,5,4,2,True,False,True,False,False,False,True,False,False,False,True,False
25,0,126375,75,4,5,5,2,True,False,False,False,True,False,True,False,False,True,False,False
32,9,138952,21,3,3,4,1,True,False,False,False,True,False,True,False,False,False,False,True
41,17,38505,47,3,1,6,0,False,True,False,False,False,False,True,False,False,False,False,True
28,7,66265,37,5,1,1,0,False,False,False,True,False,False,True,False,True,False,False,True
56,28,103058,43,3,4,13,2,True,False,False,False,True,False,False,True,False,False,False,True
51,11,106733,72,1,3,2,1,True,False,False,True,False,False,False,False,False,True,False,False
26,1,80601,11,4,2,10,1,False,False,True,False,False,False,True,False,False,False,True,True
55,30,95205,24,2,1,13,1,True,True,False,False,False,True,False,True,False,False,False,False
55,31,116926,24,4,3,10,1,False,False,True,False,False,False,False,False,False,True,False,True
27,1,121351,18,4,1,9,0,False,False,False,False,True,False,True,False,False,True,False,True
30,2,106663,75,4,3,9,1,False,False,False,False,False,False,False,False,False,True,False,True
32,0,109772,22,2,1,12,0,True,False,True,False,False,False,True,True,False,False,False,False
32,8,110817,99,5,3,14,2,False,True,False,False,False,False,True,False,False,False,False,False
38,9,70331,21,5,4,6,1,True,True,False,False,False,False,True,False,False,False,False,False
54,15,66691,77,3,4,5,1,True,False,True,False,False,True,False,True,False,False,False,False
59,7,27456,13,4,4,3,1,True,True,False,False,False,False,True,False,False,False,True,False
26,5,139301,30,2,1,6,0,True,False,False,False,False,False,False,False,True,False,False,True
58,8,47757,58,4,5,3,2,False,True,False,False,False,True,False,False,False,False,True,True
59,13,55707,67,3,1,4,0,True,False,False,True,False,False,True,False,False,False,True,True
41,1,43753,55,2,1,2,0,False,False,True,False,False,True,False,False,False,True,False,False
47,14,87327,54,4,3,3,1,True,False,False,False,False,False,False,False,False,False,False,False
32,2,31465,57,3,2,6,1,True,True,False,False,False,False,True,False,False,False,False,False
35,8,49967,94,5,2,12,1,False,False,False,True,False,False,True,False,True,False,False,True
45,19,69019,0,2,1,4,0,False,False,True,False,False,False,True,False,True,False,False,True
48,12,141242,66,3,3,13,1,False,False,False,True,False,False,False,False,True,False,False,False
22,0,86817,6,2,5,6,1,False,False,False,False,True,True,False,False,False,True,False,False
33,11,92867,53,3,1,7,0,True,True,False,False,False,False,False,False,False,False,True,True
45,10,122619,88,1,3,4,1,False,False,False,True,False,False,True,False,False,False,True,False
23,1,56854,58,1,2,8,0,False,False,False,True,False,False,False,False,True,False,False,False
59,10,32342,15,4,5,14,2,False,False,False,False,True,False,False,False,False,False,False,False
29,6,69299,25,5,4,2,1,False,False,False,True,False,False,True,False,False,True,False,False
39,0,37277,52,3,1,4,0,True,False,False,False,False,False,True,False,False,False,False,False
42,17,39458,56,5,2,11,1,True,False,False,True,False,False,True,False,False,False,False,True
51,23,83940,7,4,1,8,1,False,False,False,False,True,False,True,False,False,False,True,False
21,0,90486,48,1,5,11,1,True,False,False,True,False,False,True,False,False,False,True,False
40,8,128810,9,1,3,13,1,True,True,False,False,False,True,False,False,False,True,False,False
52,14,89880,37,4,3,11,1,True,False,False,False,True,False,True,False,True,False,False,False
21,0,105716,7,5,5,2,1,True,False,False,True,False,False,True,False,False,True,False,False
28,6,137485,21,2,5,5,1,False,False,False,False,True,True,False,False,False,False,True,True
50,9,32123,83,2,3,12,1,False,False,False,False,False,False,False,False,False,False,True,False
59,6,28108,63,5,5,10,2,False,False,False,False,True,False,False,False,False,False,True,False
42,11,67152,6,1,5,1,1,True,False,True,False,False,False,True,False,True,False,False,False
46,13,26493,91,3,4,14,2,True,False,True,False,False,False,False,False,True,False,False,True
57,26,148301,18,5,5,5,2,False,False,False,True,False,False,False,False,False,False,True,True
43,17,66779,7,2,2,2,0,False,False,False,False,False,False,False,False,False,False,False,False
52,1,25587,82,5,4,12,2,False,False,False,False,True,False,False,False,False,True,False,True
58,14,91918,33,1,2,13,1,False,False,True,False,False,True,False,True,False,False,False,True
58,37,114927,59,1,3,13,1,True,False,True,False,False,False,True,True,False,False,False,True
25,1,70229,34,1,2,9,0,True,False,False,True,False,True,False,False,True,False,False,False
26,5,112935,49,4,5,14,2,False,False,False,False,False,False,False,False,False,True,False,False
27,0,44196,46,1,1,13,0,False,False,False,False,False,False,True,False,False,True,False,False
43,8,118147,98,2,3,12,1,False,False,False,False,False,True,False,False,False,False,True,True
59,24,57901,56,4,4,5,2,False,True,False,False,False,True,False,False,False,True,False,True
43,4,123338,90,2,3,5,1,True,False,False,False,False,True,False,True,False,False,False,False
48,6,53822,10,4,4,10,1,True,True,False,False,False,False,False,False,False,False,True,False
27,4,67861,55,2,4,2,1,False,False,True,False,False,True,False,True,False,False,False,False
28,2,130265,67,1,1,3,0,True,False,False,True,False,True,False,True,False,False,False,True
43,11,146399,75,2,3,7,1,True,False,False,False,True,False,False,True,False,False,False,True
37,12,41435,53,1,4,14,1,True,False,False,False,True,False,False,False,True,False,False,False
33,6,26844,34,1,4,8,1,True,False,False,False,True,False,False,False,False,False,True,False
22,0,47799,76,2,2,1,0,True,True,False,False,False,False,False,False,True,False,False,False
45,14,117590,87,4,5,3,2,False,False,True,False,False,False,False,False,True,False,False,False
40,16,32921,70,3,2,3,1,False,False,False,True,False,True,False,False,False,True,False,False
22,0,80479,56,1,5,6,1,False,False,False,False,False,True,False,True,False,False,False,False
27,1,48179,3,1,2,4,0,True,True,False,False,False,False,True,False,False,True,False,True
51,29,143301,87,4,5,1,2,True,False,False,False,True,True,False,False,False,True,False,False
44,23,32426,18,3,5,13,2,True,False,False,True,False,False,False,True,False,False,False,False
52,20,114629,39,3,2,11,1,True,True,False,False,False,False,False,False,False,False,True,True
26,3,115618,8,5,2,14,1,False,True,False,False,False,False,True,False,False,True,False,True
24,1,23777,96,1,3,13,1,True,False,False,False,False,False,False,False,False,True,False,True
57,19,125444,20,2,1,10,0,True,False,False,False,True,False,False,False,False,False,True,True
44,16,132839,34,1,4,10,1,True,False,False,True,False,True,False,False,False,True,False,True
43,16,109697,95,1,1,9,1,False,False,False,True,False,False,True,False,False,True,False,True
57,21,85287,51,1,3,5,1,False,False,False,False,True,False,True,False,False,False,False,True
44,18,100413,18,1,4,11,1,False,True,False,False,False,False,False,False,False,False,True,True
25,4,64746,52,1,3,13,1,True,False,False,False,True,True,False,False,False,False,True,False
48,14,106686,62,5,2,6,1,False,False,False,True,False,False,True,False,False,False,True,True
37,14,53093,76,5,5,2,2,False,False,False,True,False,True,False,False,True,False,False,True
48,14,45513,93,2,1,12,1,True,False,False,False,True,False,True,False,False,False,True,False
26,2,133488,57,4,2,7,1,True,False,False,False,False,True,False,False,False,False,True,True
43,18,98258,36,5,2,8,1,True,True,False,False,False,True,False,False,False,True,False,True
57,13,113862,62,1,2,11,1,False,False,False,False,True,False,False,False,False,True,False,False
26,0,66329,39,5,3,13,1,False,False,False,True,False,False,True,True,False,False,False,False
40,12,102879,31,4,4,2,1,False,False,False,False,False,True,False,True,False,False,False,False
49,0,115598,62,1,3,5,1,False,False,False,True,False,False,True,False,False,False,True,True
52,18,127866,57,5,2,13,1,True,False,False,False,True,False,False,False,True,False,False,False
55,31,42526,40,2,4,6,1,True,False,False,False,True,False,False,False,True,False,False,True
47,16,117962,8,5,5,5,2,True,True,False,False,False,False,True,False,False,False,False,False
59,12,98196,34,5,4,4,1,False,True,False,False,False,False,False,False,False,False,True,True
35,6,88232,31,2,1,3,0,False,True,False,False,False,True,False,False,False,True,False,False
57,3,102673,84,3,4,8,1,False,False,True,False,False,False,True,True,False,False,False,True
34,11,88130,80,1,2,9,1,False,False,True,False,False,False,False,False,False,True,False,True
25,4,138392,95,2,3,12,1,True,True,False,False,False,False,True,True,False,False,False,True
59,15,35582,48,4,5,3,2,False,False,True,False,False,False,True,False,False,False,False,True
55,27,48968,34,1,1,14,1,False,False,False,False,True,False,False,False,False,False,False,False
32,3,34720,14,2,4,1,1,False,False,True,False,False,False,True,False,False,False,False,True
48,21,72364,50,4,4,3,1,True,False,False,False,True,False,True,False,True,False,False,True
23,1,33976,11,3,4,10,1,False,False,False,True,False,False,False,False,False,False,False,True
24,0,77033,15,2,5,13,1,False,False,False,True,False,True,False,False,False,False,True,True
41,2,122404,3,4,4,2,1,True,False,False,False,False,True,False,True,False,False,False,True
40,13,115658,74,4,1,4,1,True,False,False,False,False,False,True,False,False,False,False,False
55,17,65219,93,2,5,4,2,True,False,False,False,False,True,False,False,True,False,False,True
47,20,53947,22,1,2,4,0,False,False,True,False,False,False,True,True,False,False,False,True
28,3,115942,75,2,4,12,1,True,False,False,False,True,False,False,False,False,False,True,True
36,9,72093,66,5,1,5,1,False,False,True,False,False,False,True,False,False,True,False,True
55,0,94941,24,4,2,5,1,False,False,True,False,False,False,True,False,True,False,False,True
29,6,20642,51,3,2,11,1,False,True,False,False,False,True,False,False,False,False,False,True
24,1,22075,81,3,3,4,1,True,False,False,False,False,False,True,False,False,False,True,True
39,13,23886,74,3,5,13,2,True,False,False,False,False,False,True,False,False,True,False,True
46,13,47344,42,2,5,8,1,True,False,True,False,False,False,False,False,True,False,False,False
30,3,138266,79,3,2,5,1,True,True,False,False,False,False,True,False,False,True,False,True
35,6,75637,26,5,3,12,1,False,False,False,False,False,False,False,False,False,True,False,False
23,2,39432,93,4,3,11,2,True,False,False,False,True,True,False,False,False,False,True,True
25,0,116931,27,4,1,3,0,True,False,False,True,False,False,False,False,False,True,False,False
46,16,99646,91,1,2,9,1,False,False,False,False,False,True,False,True,False,False,False,False
54,28,72682,29,3,2,5,1,True,False,False,False,True,True,False,False,False,False,True,True
30,5,28279,88,1,2,8,1,False,False,False,False,False,False,True,False,False,False,False,True
58,10,125288,16,4,5,11,2,False,False,True,False,False,False,True,False,False,True,False,False
44,17,49454,73,3,1,7,1,False,True,False,False,False,False,True,False,False,False,True,False
49,13,27698,0,1,1,6,0,False,False,False,True,False,True,False,True,False,False,False,False
52,4,37628,40,1,4,10,1,False,False,True,False,False,True,False,False,False,True,False,True
32,7,33825,20,1,5,6,1,False,True,False,False,False,True,False,False,True,False,False,True
44,21,88136,37,2,1,1,0,False,True,False,False,False,False,False,False,False,True,False,False
21,0,67487,48,2,4,5,1,False,False,False,False,False,False,False,False,False,False,False,True
49,3,106874,42,4,5,13,2,False,False,False,True,False,False,True,False,False,False,False,False
57,11,148030,83,3,5,12,2,True,False,False,True,False,False,False,False,False,True,False,False
29,8,147329,41,1,3,6,1,True,False,True,False,False,True,False,False,True,False,False,True
47,6,110705,46,1,3,6,1,True,True,False,False,False,False,False,False,False,False,True,True
32,3,75998,48,2,1,5,0,True,False,True,False,False,False,True,False,False,False,True,True
27,6,134646,42,3,2,13,1,False,True,False,False,False,True,False,False,False,False,True,False
28,6,80268,24,5,3,4,1,True,False,False,False,False,True,False,False,False,False,True,False
50,21,39279,18,2,1,8,0,False,False,False,False,True,True,False,False,True,False,False,True
53,32,100256,89,1,5,2,2,True,False,False,False,True,False,True,True,False,False,False,False
26,3,28469,86,4,4,6,2,True,False,True,False,False,False,True,True,False,False,False,False
56,9,48841,90,5,3,11,2,False,False,False,True,False,True,False,False,False,True,False,True
36,11,136335,28,1,4,12,1,False,False,False,True,False,False,False,False,False,True,False,True
39,3,93685,40,3,1,8,0,True,False,False,False,False,False,False,False,False,True,False,True
57,27,89557,7,2,5,6,1,True,True,False,False,False,False,True,False,False,False,False,False
55,20,28815,83,1,2,11,1,True,False,False,False,False,False,True,False,True,False,False,True
53,26,89368,61,4,2,6,1,False,True,False,False,False,False,False,True,False,False,False,True
44,15,60813,84,2,3,8,1,True,True,False,False,False,False,True,True,False,False,False,False
51,13,83952,73,1,4,8,1,True,True,False,False,False,False,True,False,False,True,False,False
32,4,130161,86,2,5,11,2,False,False,False,False,False,True,False,False,False,False,True,False
49,27,128125,79,4,5,5,2,True,True,False,False,False,False,True,False,True,False,False,False
45,16,30641,85,5,3,14,2,False,True,False,False,False,False,False,False,False,False,True,True
45,7,112659,77,4,2,9,1,False,False,False,False,False,True,False,False,False,True,False,False
36,13,80344,14,3,1,2,0,False,True,False,False,False,True,False,False,True,False,False,False
55,3,114929,67,3,5,11,2,False,False,True,False,False,False,False,False,False,False,True,False
59,37,56577,69,5,3,5,2,False,False,False,False,True,True,False,False,True,False,False,True
36,3,26893,28,4,2,12,1,True,False,False,False,False,False,True,True,False,False,False,False
22,1,33713,69,4,1,1,0,True,False,False,False,True,True,False,False,False,True,False,False
47,5,28359,75,1,3,5,1,False,False,False,False,False,False,True,True,False,False,False,False
32,3,85870,7,2,5,7,1,False,False,True,False,False,False,False,True,False,False,False,False
32,5,49549,12,4,2,6,1,True,True,False,False,False,True,False,False,False,False,True,True
47,9,44679,54,5,1,13,1,True,False,False,False,True,True,False,True,False,False,False,True
24,3,142320,56,5,2,7,1,True,True,False,False,False,False,True,False,True,False,False,False
58,10,74290,73,3,3,6,1,False,False,False,False,True,False,False,False,True,False,False,True
37,5,52095,87,4,3,3,1,False,False,True,False,False,False,True,False,False,False,False,True
54,25,104882,81,1,1,13,1,False,False,False,True,False,False,False,False,True,False,False,True
56,28,80542,3,4,5,4,1,False,False,False,False,False,True,False,False,True,False,False,True
37,1,108951,42,3,1,7,0,False,False,False,False,True,False,False,False,True,False,False,False
56,24,30357,92,4,5,5,2,True,False,True,False,False,False,False,True,False,False,False,False
49,17,30223,80,4,1,1,1,True,False,False,False,True,False,True,False,False,False,False,True
36,13,48054,53,4,4,11,2,False,False,True,False,False,False,True,False,False,False,False,False
22,1,138647,30,4,5,10,2,True,False,False,True,False,False,True,False,False,True,False,True
37,11,73673,5,1,1,10,0,False,False,False,True,False,True,False,False,False,True,False,True
55,15,22014,66,5,1,10,1,True,True,False,False,False,False,False,False,False,False,True,False
33,6,34136,41,2,4,1,1,True,False,False,False,False,False,True,False,False,False,False,True
57,3,131649,57,2,5,12,2,False,True,False,False,False,False,True,False,False,False,False,True
59,29,137684,3,1,2,8,0,False,False,True,False,False,False,True,False,False,False,True,True
29,7,47185,81,2,4,6,1,True,False,False,True,False,True,False,False,False,False,True,True
38,6,65716,0,5,2,8,1,True,False,False,True,False,False,True,False,False,False,True,True
30,6,81106,79,4,1,9,1,True,False,False,False,True,True,False,False,False,True,False,True
33,7,82280,83,1,1,4,0,False,False,False,False,True,True,False,True,False,False,False,True
49,22,55770,77,1,4,8,1,False,True,False,False,False,True,False,True,False,False,False,False
56,21,25764,30,2,3,8,1,False,False,True,False,False,False,False,True,False,False,False,True
51,2,118123,95,1,2,2,0,False,False,False,True,False,True,False,False,False,True,False,True
53,16,40233,80,5,2,5,1,False,False,True,False,False,True,False,False,False,False,True,True
21,0,138613,81,2,4,8,1,False,False,False,True,False,False,False,False,False,False,False,False
49,20,46098,83,5,4,12,2,True,False,False,True,False,False,False,True,False,False,False,True
53,30,81991,35,1,4,7,1,False,True,False,False,False,True,False,False,False,True,False,True
46,12,131879,54,1,4,2,1,False,False,True,False,False,False,False,False,False,True,False,False
23,1,70294,4,2,4,6,1,True,True,False,False,False,False,False,False,False,False,True,False
41,3,43374,17,2,4,11,1,False,False,False,False,True,False,True,False,True,False,False,True
49,25,99830,12,4,3,2,1,True,False,False,False,False,False,False,False,False,True,False,True
51,23,42221,83,2,4,7,1,True,False,False,True,False,False,True,False,True,False,False,False
36,9,29778,73,5,3,5,1,False,True,False,False,False,False,True,False,False,True,False,False
26,5,96029,47,4,2,9,1,False,False,True,False,False,False,True,False,False,True,False,True
30,1,113220,22,4,5,4,1,True,False,False,False,False,False,True,False,False,False,False,False
59,31,136310,83,1,4,8,1,False,False,False,True,False,True,False,False,False,False,True,False
31,7,65501,17,5,1,2,0,True,False,False,False,False,True,False,True,False,False,False,True
34,11,145014,26,4,4,13,2,True,False,False,True,False,False,False,False,False,True,False,True
45,23,29671,41,1,2,8,1,False,True,False,False,False,False,True,False,False,False,False,False
28,3,110037,8,1,2,5,0,True,False,False,False,True,True,False,False,True,False,False,True
22,1,59557,66,3,3,3,1,True,False,False,False,True,True,False,False,False,False,False,True
28,1,149547,87,1,5,3,1,False,False,False,True,False,True,False,False,False,True,False,True
56,3,130868,30,4,4,6,1,True,False,False,False,False,True,False,False,False,True,False,False
58,1,58668,47,4,4,5,1,True,False,False,False,False,False,True,False,True,False,False,False
37,15,81713,52,2,2,10,1,False,False,False,False,False,False,True,False,False,False,True,False
31,6,89066,36,1,5,8,1,True,False,False,False,False,False,False,False,True,False,False,True
23,0,70373,70,5,5,10,2,True,False,False,False,True,False,False,False,False,True,False,False
40,11,39260,87,4,1,1,1,True,False,False,False,False,False,True,False,True,False,False,False
37,4,134438,20,4,4,6,1,False,False,True,False,False,True,False,False,False,True,False,True
40,16,60210,65,1,4,8,1,False,True,False,False,False,False,True,False,False,False,False,False
26,0,131675,27,1,4,1,1,True,False,False,False,False,False,False,False,False,True,False,True
34,5,127321,17,2,3,6,1,True,False,False,False,True,False,False,False,True,False,False,True
26,4,148544,54,2,4,7,1,False,False,False,False,False,True,False,False,False,False,False,True
33,4,132635,45,4,3,6,1,True,False,True,False,False,False,False,False,False,False,True,True
31,10,148464,48,4,5,11,2,False,False,False,False,False,True,False,True,False,False,False,True
43,2,128384,53,3,1,9,0,True,False,False,False,False,True,False,False,False,False,True,False
23,2,124156,67,4,1,1,0,False,False,False,False,False,True,False,True,False,False,False,False
34,8,112011,28,3,4,6,1,True,False,True,False,False,False,False,False,False,False,True,True
52,14,129412,20,4,2,14,1,True,False,False,False,True,True,False,False,True,False,False,True
32,6,77373,29,5,1,14,1,False,False,True,False,False,False,False,False,False,False,True,True
25,1,121761,78,3,5,8,2,True,False,False,False,False,True,False,False,False,True,False,True
39,0,25184,55,3,4,13,2,True,False,False,False,True,True,False,False,False,True,False,False
28,0,28679,88,1,1,12,1,True,False,False,True,False,False,False,False,False,False,False,True
50,20,66070,17,1,4,2,1,False,False,False,True,False,False,False,True,False,False,False,False
40,18,111612,7,4,2,14,1,True,False,False,True,False,False,False,False,False,False,False,True
25,3,87579,13,4,4,13,1,False,False,False,False,False,False,True,False,False,True,False,True
43,9,23644,7,5,1,7,0,True,False,False,False,True,False,True,False,True,False,False,True
45,18,141701,88,2,4,4,1,False,False,False,False,True,False,True,False,False,True,False,False
52,8,56523,76,4,5,9,2,True,False,False,True,False,False,False,False,False,False,True,False
41,8,103938,62,4,4,11,2,False,False,False,True,False,False,False,True,False,False,False,False
42,20,56305,6,1,4,4,1,False,False,False,False,False,False,False,False,False,False,False,True
25,1,91543,40,5,3,3,1,False,False,True,False,False,False,False,False,True,False,False,True
38,1,137970,38,2,1,9,0,True,False,True,False,False,True,False,False,True,False,False,True
26,4,122854,15,4,4,14,2,True,False,False,False,True,False,True,True,False,False,False,False
53,29,35888,17,2,4,6,1,False,False,False,True,False,False,False,False,True,False,False,False
44,4,77488,85,3,2,12,1,True,True,False,False,False,True,False,False,False,True,False,True
31,8,34018,0,2,1,3,0,True,True,False,False,False,True,False,False,False,False,False,False
59,9,134628,71,5,2,13,1,True,False,False,True,False,False,False,False,False,False,True,False
45,18,128753,96,1,3,5,1,True,False,False,False,False,False,True,False,False,False,True,False
24,3,28842,28,2,3,3,1,True,False,True,False,False,True,False,False,True,False,False,True
49,13,60563,21,3,5,11,2,True,False,False,True,False,True,False,False,False,True,False,True
46,21,141839,9,4,3,13,1,False,True,False,False,False,False,False,False,False,True,False,True
58,16,70045,32,5,5,8,2,False,False,False,False,True,False,True,False,False,True,False,False
35,3,108891,29,2,2,5,0,False,True,False,False,False,False,True,True,False,False,False,True
46,20,44939,88,2,2,3,1,True,False,False,False,True,False,False,False,False,False,False,False
51,23,129119,88,1,5,7,2,False,False,False,False,False,False,False,False,False,False,False,False
38,10,76645,68,5,1,2,1,False,False,True,False,False,True,False,False,False,True,False,False
39,13,59251,7,2,1,2,0,False,True,False,False,False,False,True,False,False,False,True,True
21,0,34069,50,3,5,14,2,False,False,False,True,False,False,False,False,True,False,False,True
50,25,73250,92,4,5,1,2,False,False,False,False,True,False,False,False,False,False,True,False
49,1,65331,68,3,5,7,2,True,False,False,False,True,False,True,False,True,False,False,True
55,11,53935,4,1,5,14,1,True,False,False,False,False,True,False,True,False,False,False,True
42,4,90413,44,5,4,9,2,True,True,False,False,False,True,False,True,False,False,False,False
52,22,28454,63,5,2,10,1,True,True,False,False,False,False,False,False,True,False,False,True
33,11,52245,74,5,1,14,1,True,False,False,False,True,False,True,False,False,False,False,False
44,8,130306,41,2,3,13,1,False,True,False,False,False,True,False,False,False,False,False,True
24,3,114114,86,2,3,4,1,False,False,False,False,True,True,False,False,False,False,True,True
31,7,57696,79,5,2,6,1,True,False,True,False,False,False,True,False,False,False,False,True
58,34,123277,6,3,5,7,2,True,True,False,False,False,False,True,False,True,False,False,True
34,11,106037,93,4,3,13,2,True,False,False,False,False,False,False,False,False,False,True,True
56,35,61549,95,3,2,10,1,False,False,False,False,True,False,True,False,False,False,True,False
54,11,79502,2,1,5,4,1,False,False,False,False,False,True,False,False,False,False,True,True
35,11,123498,53,4,3,3,1,False,True,False,False,False,False,False,False,False,False,True,True
44,11,58103,76,2,2,6,1,False,False,False,False,True,True,False,False,False,False,False,True
38,3,138165,39,2,4,8,1,True,True,False,False,False,False,True,False,False,False,True,False
22,0,91164,13,4,3,14,1,False,False,False,False,False,False,False,False,False,False,False,True
26,5,92176,30,4,4,1,1,True,False,False,True,False,True,False,False,False,False,False,False
36,10,101559,60,2,1,5,0,True,False,False,False,True,True,False,False,False,True,False,False
41,19,86275,63,2,1,5,0,True,True,False,False,False,True,False,True,False,False,False,False
52,22,113316,80,3,4,13,2,True,False,False,True,False,True,False,False,False,False,False,False
37,7,87634,19,3,2,1,0,True,False,True,False,False,False,True,False,True,False,False,False
25,0,128725,24,1,3,12,1,False,False,False,False,True,False,False,False,True,False,False,True
25,1,126263,96,1,5,3,1,True,False,False,False,True,True,False,False,True,False,False,True
41,18,134613,25,4,3,2,1,False,True,False,False,False,True,False,False,True,False,False,True
56,22,104003,41,5,1,9,1,False,False,False,False,False,True,False,False,False,False,True,True
25,2,144156,6,4,1,12,0,True,False,False,False,False,True,False,False,False,False,False,True
34,6,56357,24,1,3,8,1,False,False,False,False,False,False,False,False,False,False,False,True
49,27,24643,32,3,3,2,1,True,False,False,False,False,True,False,False,False,False,False,False
46,3,80483,35,1,5,10,1,True,False,False,False,False,False,True,False,True,False,False,False
24,2,105663,85,3,1,14,1,False,False,True,False,False,False,False,False,False,False,True,False
59,35,95325,41,2,3,7,1,False,True,False,False,False,False,True,False,False,True,False,False
54,29,94974,14,1,3,8,1,False,True,False,False,False,False,True,True,False,False,False,False
40,14,68052,70,4,3,11,1,True,False,False,False,False,False,False,True,False,False,False,True
23,1,130075,28,2,1,4,0,False,False,False,False,True,False,True,False,False,True,False,False
50,29,113340,83,3,5,10,2,True,False,False,True,False,False,False,False,False,True,False,False
53,25,149737,93,5,5,7,2,False,False,True,False,False,False,True,False,False,False,True,False
22,0,54797,3,3,1,11,0,False,False,False,True,False,False,True,False,False,True,False,True
55,23,73275,95,2,3,8,1,True,True,False,False,False,False,False,False,False,True,False,False
27,1,134525,31,3,1,5,0,True,False,True,False,False,False,True,False,False,False,False,True
47,17,80890,62,4,1,5,1,False,False,False,True,False,True,False,False,True,False,False,True
43,10,108042,82,4,3,13,2,False,False,False,False,False,True,False,False,True,False,False,False
56,19,39557,21,3,2,14,1,True,False,False,True,False,False,True,False,False,True,False,True
42,11,61791,45,2,4,11,1,True,False,False,True,False,False,False,False,True,False,False,True
50,11,122606,30,5,2,5,1,False,False,False,False,True,False,False,False,True,False,False,True
36,3,99589,85,4,4,2,1,False,False,False,True,False,False,False,False,False,True,False,False
39,6,50573,74,1,3,14,1,True,False,False,True,False,False,True,False,False,False,True,True
23,0,40204,85,1,2,12,1,False,False,False,False,False,True,False,True,False,False,False,False
42,1,31472,15,5,3,1,1,True,False,False,True,False,True,False,False,False,False,True,True
44,16,119402,87,3,1,13,1,True,False,False,False,False,False,True,False,False,True,False,True
43,17,125584,63,3,2,1,1,False,False,False,False,False,False,False,False,False,True,False,False
31,8,81664,8,2,2,12,1,True,False,False,True,False,True,False,False,False,True,False,True
27,2,143384,77,1,2,11,1,False,True,False,False,False,False,False,False,False,False,True,False
51,2,137635,26,4,4,7,1,True,False,False,True,False,False,True,False,True,False,False,False
46,16,74692,68,2,3,12,1,True,False,True,False,False,False,True,False,True,False,False,False
55,4,32904,27,4,5,12,2,False,False,False,True,False,True,False,False,False,False,True,True
41,20,57127,98,3,1,8,1,False,False,False,False,False,True,False,False,False,False,False,False
56,1,122427,12,5,5,12,2,True,False,False,False,False,False,False,False,False,False,False,False
58,32,103871,25,3,5,5,2,True,False,True,False,False,False,False,False,False,True,False,False
59,23,106021,25,4,2,6,1,True,False,False,False,True,False,False,False,False,False,True,True
58,27,43163,96,3,4,12,2,True,False,False,True,False,False,True,False,False,False,True,False
42,0,101793,99,4,5,14,2,True,True,False,False,False,False,True,False,False,False,False,True
53,27,144583,26,2,3,3,1,False,False,True,False,False,False,False,True,False,False,False,False
51,25,31508,53,5,5,5,2,True,False,False,False,False,True,False,False,False,True,False,True
51,19,41614,4,3,3,8,1,False,False,False,False,False,False,False,False,False,False,False,True
27,5,129324,1,4,5,4,1,True,True,False,False,False,True,False,False,False,True,False,False
48,14,63823,44,3,3,5,1,False,False,True,False,False,False,False,False,False,False,False,True
31,5,64787,99,1,2,2,0,True,False,False,False,True,False,False,False,False,True,False,False
28,3,90448,12,4,3,12,1,False,False,True,False,False,False,False,False,False,True,False,True
45,0,56258,10,4,5,2,1,True,False,False,True,False,False,True,True,False,False,False,False
25,3,38937,85,1,3,10,1,True,False,False,False,True,True,False,False,True,False,False,False
43,2,31756,51,3,1,9,0,True,True,False,False,False,False,False,False,False,False,False,True
57,35,147565,7,4,3,6,1,False,False,False,False,True,True,False,False,True,False,False,False
40,9,90160,83,2,1,13,1,True,True,False,False,False,True,False,False,False,False,True,True
51,2,39265,73,3,5,10,2,True,True,False,False,False,False,False,False,False,False,False,True
36,10,88430,11,4,4,2,1,False,False,False,False,False,False,False,False,False,True,False,True
38,5,105563,94,2,1,2,0,False,True,False,False,False,False,False,True,False,False,False,True
21,0,128472,10,1,4,8,1,True,False,False,False,True,False,False,False,False,True,False,False
22,1,100923,87,3,2,5,1,True,True,False,False,False,False,False,False,False,False,True,False
38,4,124759,97,4,2,11,1,False,False,False,False,False,False,True,False,True,False,False,False
54,11,89010,56,3,1,10,1,True,False,False,False,False,False,False,False,False,True,False,False
28,0,138966,94,3,5,8,2,True,True,False,False,False,False,True,True,False,False,False,True
26,3,134703,81,5,5,6,2,True,True,False,False,False,False,False,True,False,False,False,False
35,1,35645,51,4,1,9,1,False,True,False,False,False,True,False,True,False,False,False,False
42,4,74579,33,1,4,7,1,False,True,False,False,False,False,False,False,False,False,True,False
35,8,46710,38,4,1,14,1,True,False,False,False,True,True,False,False,False,False,False,False
42,9,49077,57,3,5,1,1,True,False,False,True,False,False,True,False,False,False,False,True
25,1,117027,1,1,1,9,0,True,False,False,False,True,False,True,False,False,False,True,True
43,11,143649,39,1,5,10,1,False,True,False,False,False,False,True,False,True,False,False,True
21,0,96247,56,1,4,2,1,False,False,False,True,False,False,False,True,False,False,False,True
51,20,41368,22,5,3,10,1,False,True,False,False,False,False,True,False,False,False,False,False
41,6,132391,96,1,4,7,1,False,False,False,False,False,False,False,False,False,True,False,False
31,5,35263,46,1,5,9,1,True,False,False,False,True,False,False,False,False,True,False,True
46,7,30995,88,2,1,2,0,False,True,False,False,False,True,False,True,False,False,False,False
59,13,129876,65,4,1,14,1,False,False,False,False,True,False,True,False,False,False,False,True
36,11,149039,48,4,5,9,2,True,False,False,True,False,False,False,False,False,True,False,False
48,3,94554,30,1,3,8,1,False,True,False,False,False,True,False,True,False,False,False,True
44,14,52807,89,3,5,2,2,True,False,False,False,True,False,True,False,False,False,False,True
47,7,138911,4,5,4,12,2,False,False,False,False,False,False,True,False,True,False,False,True
26,4,81632,93,1,1,8,0,False,False,True,False,False,False,True,False,False,False,True,False
34,5,107272,63,1,5,3,1,True,False,False,False,True,False,False,False,True,False,False,False
45,22,52276,3,3,2,5,0,False,True,False,False,False,False,True,False,False,False,True,False
38,4,23556,29,1,4,10,1,True,False,True,False,False,False,False,False,True,False,False,True
36,3,98767,11,1,4,7,1,False,False,False,False,True,False,False,False,False,True,False,False
54,5,96233,86,3,2,10,1,False,False,True,False,False,True,False,False,False,False,True,True
38,2,110156,62,4,3,5,1,True,False,True,False,False,True,False,False,True,False,False,False
57,2,143459,63,3,2,6,1,False,True,False,False,False,False,True,True,False,False,False,True
51,15,98320,93,4,1,11,1,True,False,False,True,False,False,True,True,False,False,False,True
36,7,99450,0,1,2,13,0,True,True,False,False,False,False,False,False,False,True,False,False
28,6,124423,74,5,2,5,1,True,False,False,True,False,False,True,False,False,False,True,True
40,13,56897,79,2,2,10,1,False,False,True,False,False,False,False,False,False,False,True,True
46,21,33821,90,2,4,12,2,False,False,False,False,False,True,False,False,True,False,False,False
24,1,89690,87,2,5,6,2,True,False,True,False,False,False,False,False,False,False,True,True
46,11,99996,72,1,5,10,2,False,False,True,False,False,False,False,False,False,False,False,False
27,5,72182,14,3,4,8,1,False,False,False,True,False,False,False,False,True,False,False,False
25,3,145639,61,2,2,10,1,True,False,False,False,True,False,False,False,True,False,False,False
54,27,105152,38,1,1,10,0,True,False,True,False,False,True,False,False,True,False,False,True
55,34,111626,15,5,4,14,2,False,True,False,False,False,True,False,True,False,False,False,True
43,5,113058,80,3,3,6,1,True,False,False,False,True,False,False,False,False,True,False,False
43,5,51975,63,1,2,6,0,True,False,False,False,True,False,False,False,True,False,False,False
44,13,22014,75,5,5,13,2,False,True,False,False,False,False,False,False,False,False,False,True
32,4,137207,85,1,5,6,1,True,False,False,False,False,False,False,True,False,False,False,True
31,3,60148,17,3,3,9,1,False,False,False,False,False,False,True,False,False,False,True,True
47,10,127651,38,3,4,5,1,False,False,False,False,False,False,False,True,False,False,False,False
56,12,101645,19,3,3,8,1,True,False,True,False,False,True,False,False,False,False,False,False
46,13,118805,85,3,4,9,2,True,False,False,False,False,True,False,False,False,False,True,False
49,3,131659,35,3,1,4,0,False,False,False,False,True,False,False,False,False,True,False,True
34,7,34037,79,1,3,3,1,True,False,False,True,False,True,False,True,False,False,False,False
26,0,67533,64,1,5,12,2,False,False,True,False,False,False,False,False,False,False,True,True
32,1,99259,59,5,5,4,2,True,False,False,False,True,False,True,False,False,True,False,True
26,2,103690,92,5,5,1,2,False,True,False,False,False,False,True,False,False,True,False,False
48,11,25518,7,5,4,8,1,True,False,False,True,False,False,True,False,False,False,False,False
32,4,142964,3,5,4,10,1,True,True,False,False,False,True,False,False,False,True,False,False
34,0,146427,4,3,1,14,0,False,True,False,False,False,True,False,False,True,False,False,False
46,13,77388,74,5,2,13,1,False,False,False,True,False,False,False,False,False,False,False,True
56,24,106092,17,4,2,1,1,True,False,False,False,False,False,False,True,False,False,False,False
28,1,105198,92,5,2,4,1,True,True,False,False,False,False,False,False,True,False,False,True
54,2,43162,44,5,2,14,1,True,False,False,False,True,True,False,False,False,False,False,False
22,1,116069,35,2,1,2,0,True,True,False,False,False,False,True,False,False,True,False,False
51,2,146445,59,1,2,10,1,True,True,False,False,False,False,True,False,False,False,True,True
57,2,97826,83,1,3,7,1,False,True,False,False,False,False,False,True,False,False,False,False
22,1,40693,69,4,5,14,2,True,False,False,True,False,True,False,False,False,False,True,True
47,16,75328,48,3,3,4,1,False,False,True,False,False,False,False,False,False,False,False,False
36,0,77523,48,1,2,12,1,True,True,False,False,False,False,False,False,False,False,False,False
27,3,38214,91,1,1,3,0,False,False,False,False,True,False,True,True,False,False,False,True
43,3,58992,18,2,3,7,1,False,False,True,False,False,True,False,False,False,False,True,True
33,4,45242,24,5,2,2,1,True,False,False,False,True,False,True,True,False,False,False,False
33,11,111048,26,2,4,7,1,True,False,False,False,False,False,False,False,True,False,False,True
39,18,130712,19,3,5,4,1,False,False,False,True,False,False,False,False,False,True,False,False
27,4,43159,49,4,5,7,2,False,False,False,False,True,True,False,False,False,True,False,False
41,14,31688,68,5,2,14,1,False,False,False,False,True,True,False,True,False,False,False,False
46,17,42082,0,1,5,2,1,True,False,False,False,True,True,False,False,True,False,False,False
37,6,113503,9,1,4,6,1,False,False,False,False,True,False,True,True,False,False,False,True
21,0,69086,52,3,3,7,1,True,False,False,False,False,False,False,False,True,False,False,False
25,2,131085,26,1,1,4,0,False,False,False,False,False,False,True,False,False,False,True,True
43,21,22557,38,2,1,3,0,True,False,False,True,False,False,True,True,False,False,False,True
25,4,69548,68,1,4,7,1,False,False,False,True,False,True,False,False,False,False,False,False
53,32,130741,20,3,5,8,2,False,False,True,False,False,False,True,True,False,False,False,True
32,9,27761,81,3,1,5,1,True,True,False,False,False,True,False,True,False,False,False,False
36,3,142578,23,4,3,10,1,False,True,False,False,False,False,False,True,False,False,False,True
22,0,36719,3,1,4,5,1,True,True,False,False,False,False,False,True,False,False,False,True
51,4,95497,15,1,4,13,1,False,False,False,False,True,False,False,False,False,True,False,True
52,21,24133,74,3,2,10,1,False,False,False,False,False,False,False,False,True,False,False,True
47,22,58312,28,4,4,5,1,False,False,False,True,False,False,True,False,False,True,False,True
36,4,33396,67,2,2,10,1,False,False,False,False,True,False,False,True,False,False,False,True
28,3,34087,18,2,1,2,0,True,False,False,False,False,False,False,False,True,False,False,True
41,7,126652,8,5,3,9,1,True,False,False,False,True,False,False,False,True,False,False,False
35,6,98142,50,3,5,11,2,True,False,False,False,True,False,False,False,True,False,False,False
57,7,86774,50,5,5,5,2,False,False,True,False,False,True,False,False,False,False,True,False
32,9,53411,71,2,2,8,1,False,False,False,False,True,False,True,False,False,True,False,False
49,13,71714,48,2,4,1,1,False,False,False,False,True,False,True,True,False,False,False,True
29,0,87424,52,2,4,1,1,False,False,False,False,True,False,True,False,False,False,True,True
51,13,59574,94,2,1,13,1,True,False,False,False,False,False,True,False,True,False,False,False
23,2,143154,59,5,4,1,1,True,True,False,False,False,False,False,False,False,False,False,True
43,6,23113,68,1,4,13,1,True,False,False,False,False,False,False,True,False,False,False,True
22,0,89900,75,4,4,4,1,True,False,False,True,False,False,True,False,False,True,False,True
45,8,129236,58,1,3,14,1,True,True,False,False,False,True,False,False,False,True,False,True
53,9,91672,65,4,4,10,2,True,False,True,False,False,True,False,True,False,False,False,True
46,6,63692,80,2,3,3,1,False,True,False,False,False,False,False,False,False,False,True,False
37,16,33671,15,1,3,7,1,True,True,False,False,False,True,False,False,False,False,True,True
23,0,106426,91,2,1,12,1,True,False,True,False,False,True,False,False,True,False,False,False
25,0,60541,59,5,4,4,1,True,False,False,True,False,False,True,True,False,False,False,False
45,20,41712,33,4,3,4,1,False,False,False,False,False,True,False,False,False,True,False,True
57,18,122380,99,5,3,2,1,False,False,False,True,False,True,False,False,True,False,False,False
32,11,45554,93,5,1,6,1,True,False,False,False,True,False,True,False,False,False,False,False
39,11,80546,74,1,4,5,1,True,False,True,False,False,False,True,False,False,False,True,False
56,14,84588,38,1,2,7,0,True,False,True,False,False,False,False,True,False,False,False,True
49,5,72173,10,3,4,5,1,True,True,False,False,False,False,True,False,False,True,False,False
57,19,115962,24,5,5,13,2,False,False,True,False,False,False,True,False,False,False,True,True
55,0,148236,46,4,5,10,2,False,False,False,False,False,False,True,False,True,False,False,False
49,0,35245,61,5,5,4,2,True,False,False,True,False,True,False,True,False,False,False,False
46,11,44828,87,5,1,6,1,False,False,False,False,True,False,False,False,False,False,True,True
30,5,67931,11,4,5,12,2,True,False,True,False,False,False,True,False,True,False,False,True
21,0,76208,91,4,4,6,2,False,False,True,False,False,False,False,False,False,True,False,False
43,20,58243,31,3,3,8,1,False,False,False,True,False,False,True,True,False,False,False,False
45,3,91959,93,2,5,10,2,True,False,False,False,True,True,False,False,False,True,False,False
24,0,148430,31,5,5,6,2,False,False,False,False,True,True,False,False,False,False,True,False
55,16,127746,98,1,5,6,2,True,False,False,False,True,True,False,False,False,False,True,False
57,20,29157,33,4,2,3,1,True,False,False,True,False,False,False,False,False,False,True,True
57,8,104431,94,4,5,14,2,False,False,False,False,False,False,True,False,False,False,True,True
44,10,24754,50,4,2,12,1,True,False,False,False,True,False,True,False,False,False,False,True
37,8,134382,61,5,4,7,2,False,False,True,False,False,False,False,False,False,False,True,True
52,12,63577,59,2,4,11,1,True,False,False,False,False,False,False,False,False,False,True,True
52,10,81063,3,3,4,7,1,True,False,False,True,False,True,False,False,False,False,False,False
38,1,134007,58,5,2,5,1,True,True,False,False,False,False,True,False,False,False,False,True
53,14,89227,45,2,1,4,0,False,False,False,False,False,False,True,False,False,True,False,True
23,1,147888,77,3,1,6,0,True,False,False,True,False,False,True,False,False,True,False,False
46,23,25413,97,4,2,11,1,False,False,False,True,False,True,False,False,False,False,False,False
32,1,111103,87,2,1,3,0,False,False,False,True,False,False,False,False,False,False,False,True
29,2,134935,87,5,1,7,1,True,False,False,False,False,True,False,True,False,False,False,False
41,6,126051,8,5,5,7,2,False,False,False,True,False,True,False,True,False,False,False,True
52,18,48246,76,2,4,14,2,True,True,False,False,False,False,True,True,False,False,False,True
27,5,57712,9,5,5,4,1,False,False,False,True,False,True,False,False,False,False,True,False
23,1,107070,41,1,4,4,1,True,False,False,False,False,False,True,False,False,False,False,True
42,12,92747,75,1,4,8,1,False,False,False,True,False,False,True,True,False,False,False,False
57,0,123415,20,5,2,1,1,False,True,False,False,False,True,False,False,False,True,False,True
33,6,123487,21,1,4,8,1,True,False,False,False,True,True,False,False,False,False,True,True
26,3,34358,81,1,1,12,1,True,False,False,False,True,False,False,False,False,False,True,True
35,13,117901,94,5,5,12,2,False,False,True,False,False,True,False,False,False,False,False,True
22,0,49758,73,3,3,14,1,True,False,False,True,False,True,False,False,True,False,False,False
51,19,66590,69,3,2,2,1,False,False,False,False,False,False,False,False,False,False,False,False
48,20,46363,16,1,4,14,1,True,False,False,True,False,True,False,True,False,False,False,True
24,2,136024,21,4,4,10,1,True,False,False,True,False,False,True,False,True,False,False,False
23,2,119019,13,5,4,3,1,True,True,False,False,False,False,False,False,False,False,True,True
29,1,64143,64,1,3,10,1,False,False,False,True,False,False,False,False,False,True,False,False
54,9,35934,71,5,3,4,1,True,False,False,False,False,True,False,False,False,False,False,True
44,0,84548,59,5,2,2,1,False,False,False,True,False,False,True,False,True,False,False,True
49,20,114261,46,2,5,14,2,True,False,False,False,False,True,False,False,True,False,False,False
38,16,31459,53,3,5,13,2,False,False,True,False,False,False,True,False,False,False,False,True
41,14,120581,64,3,5,2,1,False,False,False,False,False,True,False,False,False,False,True,False
36,5,41247,68,3,3,6,1,False,False,False,False,True,False,False,True,False,False,False,False
40,3,142579,87,5,5,4,2,True,False,False,False,False,False,False,False,False,False,False,False
29,5,113355,24,2,4,3,1,True,False,False,True,False,True,False,False,True,False,False,False
29,7,128418,76,4,1,7,1,True,False,False,True,False,False,False,True,False,False,False,False
42,2,145537,18,5,4,7,1,True,True,False,False,False,False,False,False,False,False,True,False
27,3,44912,69,5,2,14,1,True,False,False,False,False,True,False,True,False,False,False,True
38,17,68034,8,1,1,11,0,True,False,False,False,False,False,True,False,False,False,False,False
42,12,73077,46,3,4,14,2,True,False,False,False,False,False,True,False,False,False,False,False
31,7,102050,61,4,5,4,2,True,False,False,True,False,True,False,False,False,False,False,False
39,16,66285,57,1,4,2,1,False,False,False,True,False,True,False,False,False,False,True,False
43,9,139562,28,1,4,14,1,False,False,False,True,False,False,False,False,False,False,False,False
58,17,45993,93,1,5,14,2,False,False,False,False,True,False,True,True,False,False,False,False
28,6,72108,74,4,3,2,1,False,False,False,True,False,False,False,False,False,False,False,False
29,8,110576,89,1,3,4,1,False,True,False,False,False,False,True,True,False,False,False,False
45,18,62445,29,4,2,9,1,True,False,False,True,False,False,False,False,False,True,False,True
27,4,121307,67,5,4,7,2,True,True,False,False,False,False,False,False,False,False,False,True
40,4,139323,90,2,5,7,2,False,False,False,False,False,True,False,False,False,False,True,True
36,3,138670,7,4,5,7,1,False,False,False,False,False,False,True,False,False,True,False,True
26,2,94368,34,1,3,10,1,True,False,False,False,True,True,False,False,False,False,False,False
30,7,96785,62,4,3,11,1,True,False,True,False,False,False,False,False,False,True,False,True
31,7,35200,35,2,2,5,0,True,False,True,False,False,False,True,False,True,False,False,True
53,14,146067,50,4,1,6,1,False,False,False,True,False,True,False,True,False,False,False,True
45,8,121651,54,4,4,7,1,False,False,True,False,False,True,False,False,False,True,False,True
29,7,76933,5,4,3,5,1,False,False,False,False,True,False,False,False,False,False,False,True
53,29,39289,31,4,1,5,1,True,False,True,False,False,False,False,True,False,False,False,True
52,17,115276,71,3,2,7,1,True,False,False,True,False,False,False,False,False,False,True,True
24,0,76126,21,4,1,5,0,False,False,False,False,False,False,True,True,False,False,False,False
22,0,96967,42,3,3,10,1,True,True,False,False,False,False,True,False,False,False,True,False
59,5,144748,52,4,5,11,2,False,True,False,False,False,False,True,False,False,True,False,False
55,10,149311,16,2,5,7,1,True,False,False,False,False,True,False,False,False,True,False,True
26,3,129859,39,3,2,10,1,False,True,False,False,False,True,False,True,False,False,False,True
33,7,137576,81,4,3,1,1,False,False,False,False,False,False,False,False,False,True,False,True
50,25,142135,3,4,4,12,2,False,True,False,False,False,False,True,False,False,False,True,False
57,15,134206,25,5,3,6,1,False,False,False,True,False,False,True,False,True,False,False,True
41,14,118591,29,2,1,6,0,True,False,False,False,True,False,False,False,False,False,False,False
43,14,70538,48,5,4,3,1,False,False,False,True,False,False,True,False,False,False,True,False
24,2,127895,41,1,4,14,1,False,False,False,True,False,True,False,False,False,False,False,False
37,0,95985,25,3,2,12,1,True,False,False,False,False,True,False,False,False,False,False,True
28,1,140963,13,3,5,14,2,True,True,False,False,False,False,False,False,False,True,False,False
52,27,100148,24,4,4,7,1,False,False,False,True,False,False,True,False,False,True,False,True
41,15,83167,28,4,1,12,1,True,False,False,False,False,False,False,False,False,False,False,False
56,32,62152,77,5,4,9,2,False,False,False,True,False,False,False,False,False,True,False,False
41,0,32097,84,1,4,5,1,True,False,True,False,False,False,False,False,True,False,False,False
57,2,138406,17,4,1,6,0,False,False,True,False,False,True,False,False,False,False,False,False
46,24,79918,31,1,4,1,1,False,False,False,False,False,False,True,False,True,False,False,False
37,6,146766,56,3,2,1,0,True,False,True,False,False,False,False,False,False,True,False,True
33,8,33939,84,3,5,11,2,True,False,True,False,False,True,False,False,True,False,False,False
59,38,57582,41,1,1,2,0,True,False,True,False,False,False,True,False,True,False,False,False
43,2,49330,90,2,3,11,1,True,False,True,False,False,True,False,True,False,False,False,False
21,0,96304,28,2,4,7,1,True,True,False,False,False,True,False,True,False,False,False,True
36,12,123264,43,3,4,5,1,False,False,False,False,True,True,False,False,False,True,False,False
21,0,100796,93,1,1,3,0,True,False,False,False,False,False,False,False,False,False,False,True
51,24,26130,34,4,4,11,2,False,False,True,False,False,False,False,False,False,False,True,True
25,3,123558,11,5,5,14,2,False,False,False,False,True,False,True,False,False,False,True,False
47,3,116155,66,5,2,6,1,False,False,False,False,False,False,False,False,False,False,False,False
31,9,55733,57,3,5,10,2,False,False,False,False,False,True,False,False,False,False,True,True
58,21,132168,43,4,5,5,2,True,False,False,False,True,True,False,False,False,False,False,True
44,19,67905,56,5,4,13,2,True,False,True,False,False,True,False,True,False,False,False,False
37,5,78147,33,2,5,3,1,False,False,False,False,True,False,True,False,False,False,False,True
22,1,64452,42,5,1,8,1,False,False,False,False,True,False,False,False,False,True,False,False
25,2,90304,97,1,5,8,2,False,False,False,False,False,False,True,False,False,False,False,False
52,6,37113,11,2,5,5,1,False,False,True,False,False,False,True,True,False,False,False,True
38,5,87298,31,3,3,11,1,True,False,True,False,False,False,True,True,False,False,False,False
48,20,53182,40,2,5,7,1,False,False,False,False,True,False,False,False,False,False,True,True
21,0,88754,87,1,4,2,1,True,False,True,False,False,False,True,False,False,False,False,True
29,5,102077,16,3,5,9,1,True,False,False,False,False,False,False,False,False,True,False,False
32,7,48722,76,1,1,14,1,False,False,False,True,False,False,True,False,True,False,False,True
59,16,106740,75,5,3,5,1,True,False,False,False,True,False,True,False,True,False,False,False
35,3,115047,61,5,4,4,1,False,False,False,False,True,False,True,False,False,False,False,False
26,2,25721,62,4,5,5,2,True,False,False,False,False,False,True,False,True,False,False,False
33,10,22568,21,1,3,14,1,False,False,False,False,True,False,False,False,True,False,False,False
25,4,70857,35,1,4,8,1,False,False,True,False,False,False,False,False,True,False,False,False
40,11,98051,36,1,1,6,0,True,False,True,False,False,False,True,True,False,False,False,True
41,18,139021,34,4,4,13,2,False,False,False,False,True,False,False,False,False,True,False,True
52,13,74544,14,4,2,6,1,True,True,False,False,False,False,True,True,False,False,False,True
26,5,105496,19,2,3,7,1,True,False,False,False,True,True,False,False,False,False,True,False
32,5,101304,70,4,4,8,2,True,False,False,False,True,False,True,False,True,False,False,False
41,4,132622,40,4,5,4,2,False,False,False,True,False,False,True,False,False,False,False,True
35,12,149266,60,3,4,4,1,False,False,False,False,False,False,False,False,True,False,False,False
32,2,53121,34,1,3,9,1,False,False,False,False,True,True,False,False,False,False,True,True
52,16,61140,54,2,2,5,1,False,True,False,False,False,False,True,False,False,False,False,False
57,24,46648,70,5,2,5,1,True,False,False,False,False,True,False,False,False,True,False,True
22,1,94645,25,3,3,1,1,False,True,False,False,False,False,False,True,False,False,False,False
46,15,98835,55,4,4,5,1,True,True,False,False,False,True,False,False,False,False,True,False
29,3,71814,89,3,3,5,1,False,False,False,True,False,False,True,False,False,True,False,False
58,31,34856,78,4,2,2,1,False,False,False,False,True,False,False,False,False,False,False,True
45,9,122112,39,4,3,8,1,False,True,False,False,False,False,False,False,False,True,False,False
29,7,45133,67,2,3,4,1,True,True,False,False,False,False,True,False,False,False,False,True
56,20,89180,1,5,4,8,1,True,False,True,False,False,False,False,False,False,False,False,False
28,2,44639,84,4,5,5,2,True,False,True,False,False,False,True,False,False,False,False,False
41,13,28715,44,2,1,2,0,True,False,False,True,False,True,False,False,False,False,True,False
32,6,81031,11,1,2,4,0,True,False,True,False,False,True,False,False,False,True,False,True
35,6,60511,80,5,2,4,1,False,True,False,False,False,False,False,False,False,False,True,False
31,9,63919,15,2,3,3,1,False,False,True,False,False,False,False,False,True,False,False,True
31,5,136333,74,4,4,11,2,True,True,False,False,False,False,False,False,False,False,False,False
55,2,81075,21,2,5,14,2,True,True,False,False,False,False,True,False,True,False,False,False
36,4,112946,70,1,1,10,0,True,False,True,False,False,True,False,False,False,True,False,True
56,20,118333,51,5,3,3,1,True,True,False,False,False,False,True,True,False,False,False,False
59,1,104996,7,5,2,7,1,True,False,True,False,False,True,False,False,True,False,False,False
30,0,22872,36,5,1,3,0,True,False,False,True,False,False,True,False,True,False,False,True
52,23,129617,17,5,5,3,2,True,True,False,False,False,False,False,False,False,False,False,False
51,25,128639,11,5,2,11,1,False,False,False,False,True,False,True,False,False,False,False,True
49,0,38373,46,2,3,12,1,True,False,True,False,False,True,False,False,False,True,False,True
42,18,34937,70,1,1,3,0,False,False,False,True,False,False,False,False,False,False,False,False
50,10,111049,99,3,3,3,1,False,False,True,False,False,False,True,False,False,False,True,True
39,6,84813,16,3,5,9,1,True,True,False,False,False,True,False,False,False,True,False,True
43,7,24434,3,4,2,11,1,True,False,False,False,True,False,True,False,True,False,False,True
44,2,48223,75,1,2,4,0,False,False,False,False,False,False,True,False,False,False,False,False
35,10,51292,99,3,5,4,2,True,False,False,False,False,False,True,False,False,False,False,True
22,1,106289,24,2,1,9,0,True,False,True,False,False,True,False,False,False,False,False,True
22,1,93565,88,5,3,5,1,True,False,False,False,False,False,False,False,False,False,True,False
48,10,36980,16,1,5,3,1,True,False,True,False,False,False,False,True,False,False,False,False
57,4,116376,46,2,3,5,1,False,False,True,False,False,False,True,False,False,False,False,False
35,12,78423,39,4,5,1,1,False,False,False,False,True,False,True,False,False,True,False,True
22,0,99067,74,5,4,1,1,True,True,False,False,False,False,True,False,False,False,True,False
54,12,136120,17,1,2,13,1,True,True,False,False,False,False,True,False,False,False,False,False
35,6,149890,49,5,3,12,1,True,False,False,False,False,False,False,True,False,False,False,True
34,6,38480,88,4,5,2,2,False,False,False,False,False,False,False,False,False,False,True,False
59,4,116632,17,2,5,4,1,False,False,True,False,False,False,False,False,False,False,False,True
38,2,34527,70,5,1,14,1,False,False,False,True,False,False,False,False,True,False,False,False
48,25,77880,64,2,1,1,0,False,True,False,False,False,True,False,False,False,False,True,True
33,6,40027,28,1,3,1,0,False,False,True,False,False,False,False,False,False,True,False,False
47,4,23794,2,1,3,10,1,False,False,False,False,False,False,False,False,True,False,False,True
28,0,77117,54,3,5,3,1,True,False,False,False,False,True,False,False,False,False,False,False
27,2,33910,47,1,2,4,0,True,False,False,False,False,False,False,True,False,False,False,False
22,1,36778,7,2,5,8,1,True,False,True,False,False,True,False,True,False,False,False,True
31,6,81650,71,1,1,7,0,True,False,False,True,False,False,False,False,False,False,False,False
30,4,41526,96,4,5,14,2,False,False,False,False,True,False,False,False,False,False,False,True
48,17,85098,23,4,3,13,1,True,False,False,False,False,False,True,True,False,False,False,True
50,24,90047,55,3,1,5,1,True,True,False,False,False,False,True,True,False,False,False,True
37,13,87112,35,5,4,5,1,False,False,False,False,True,False,True,False,False,False,True,True
35,12,33781,34,3,2,11,1,False,False,False,False,True,True,False,True,False,False,False,False
28,6,130549,3,2,5,10,1,False,False,False,False,False,False,True,False,False,True,False,False
43,20,79536,19,4,1,9,1,False,False,False,False,False,True,False,False,False,False,True,True
41,19,141437,57,4,1,1,0,False,False,True,False,False,False,True,False,True,False,False,True
37,6,104401,51,2,2,1,0,True,False,False,True,False,True,False,False,False,True,False,True
56,10,125584,99,4,4,4,2,False,False,False,True,False,True,False,False,False,False,True,False
24,0,126098,18,4,4,4,1,True,False,True,False,False,False,True,False,False,False,True,True
48,21,113572,81,1,3,5,1,False,False,True,False,False,False,True,True,False,False,False,False
47,5,101874,83,1,3,7,1,True,False,False,True,False,True,False,False,False,True,False,False
55,10,119690,78,4,1,2,1,True,False,True,False,False,False,False,False,False,False,False,True
45,16,23438,50,5,3,10,1,False,False,False,False,False,False,True,False,False,False,False,False
56,9,21050,81,3,1,12,1,False,False,False,True,False,False,True,False,False,False,False,True
28,2,98109,91,1,2,7,1,True,False,True,False,False,False,True,False,False,True,False,False
40,19,138186,58,2,5,12,2,True,False,True,False,False,False,True,True,False,False,False,False
30,7,119396,67,1,2,11,1,True,False,False,True,False,False,True,True,False,False,False,False
23,0,45957,36,5,1,13,1,False,True,False,False,False,False,True,False,True,False,False,False
30,0,86396,52,4,2,9,1,True,False,False,True,False,True,False,False,False,True,False,True
45,19,28324,59,4,4,6,2,False,False,False,True,False,False,True,True,False,False,False,True
31,6,71499,37,2,4,10,1,True,True,False,False,False,False,True,False,False,True,False,True
43,3,46370,92,4,2,6,1,True,False,False,False,True,False,True,False,False,True,False,False
47,20,40912,11,5,1,8,1,False,True,False,False,False,False,False,True,False,False,False,True
27,3,58896,43,5,3,8,1,True,True,False,False,False,False,False,False,False,True,False,True
54,30,56926,49,2,1,11,1,False,True,False,False,False,False,False,True,False,False,False,True
29,8,54064,43,3,2,14,1,True,False,False,False,True,False,False,False,True,False,False,False
32,0,76850,16,3,5,3,1,True,False,False,False,True,False,True,True,False,False,False,False
28,7,125764,40,3,4,12,1,True,True,False,False,False,False,False,False,False,True,False,True
31,2,46145,28,2,5,4,1,False,False,False,False,True,False,False,False,True,False,False,True
32,10,128006,86,4,2,2,1,False,False,True,False,False,True,False,False,True,False,False,False
39,0,80770,18,2,1,1,0,True,False,False,True,False,False,False,False,False,False,True,False
31,2,95192,37,3,5,1,1,True,True,False,False,False,False,True,False,True,False,False,False
27,1,50203,91,4,2,11,1,False,False,True,False,False,True,False,False,False,False,False,True
21,0,82710,30,4,1,4,0,True,False,False,False,False,False,False,False,False,True,False,False
31,6,85550,43,5,2,5,1,False,False,False,False,False,True,False,False,False,True,False,False
49,22,66382,87,4,5,3,2,False,False,False,True,False,False,True,False,False,False,True,True
46,1,128944,71,5,4,13,2,True,False,True,False,False,True,False,False,False,False,True,False
49,23,91448,27,1,1,4,0,False,False,False,False,True,False,False,True,False,False,False,True
27,0,116534,75,1,1,14,1,True,False,True,False,False,True,False,False,False,True,False,False
52,20,39103,45,3,5,8,2,True,False,False,False,False,False,False,False,False,False,True,False
21,0,65344,65,2,4,13,1,True,True,False,False,False,False,False,False,False,True,False,False
28,4,59983,21,2,2,8,0,False,False,False,True,False,True,False,False,False,False,False,True
44,12,111573,88,4,1,2,1,True,False,False,True,False,False,True,False,True,False,False,True
58,18,135856,57,4,2,1,1,True,False,True,False,False,False,True,False,False,True,False,False
37,13,88007,57,5,1,5,1,True,False,False,True,False,False,True,False,False,False,False,False
23,1,33780,29,1,4,1,1,False,True,False,False,False,False,False,False,True,False,False,True
27,3,140749,54,2,1,4,0,True,True,False,False,False,False,True,True,False,False,False,False
48,19,92872,30,3,4,4,1,False,True,False,False,False,False,False,False,False,False,False,False
39,9,95590,57,2,2,13,1,True,False,False,True,False,False,True,False,False,False,False,True
51,17,87304,19,1,4,3,1,True,False,False,False,False,False,True,False,True,False,False,False
33,3,109957,13,2,5,11,1,False,False,False,False,False,False,False,False,False,False,True,False
25,0,51068,91,2,3,7,1,True,True,False,False,False,True,False,True,False,False,False,False
55,33,84087,26,5,2,12,1,False,False,False,False,True,False,True,False,True,False,False,True
57,28,49442,43,4,3,7,1,False,False,False,False,True,False,True,False,False,False,False,True
34,5,47046,96,3,2,14,1,False,False,False,False,True,False,False,False,False,False,False,True
25,3,137571,82,3,4,12,2,True,False,False,True,False,True,False,False,True,False,False,True
52,26,27081,23,5,2,5,1,False,False,True,False,False,False,False,False,False,False,False,True
58,37,113263,13,3,2,14,1,True,False,False,False,True,False,False,False,True,False,False,True
23,0,70511,65,3,2,12,1,False,True,False,False,False,False,False,False,False,False,False,True
43,14,43489,50,5,4,3,1,True,False,False,True,False,False,False,False,False,True,False,False
29,2,29462,1,2,5,4,1,False,False,False,True,False,False,True,False,True,False,False,True
47,18,30624,70,3,5,14,2,True,True,False,False,False,False,True,False,False,True,False,True
51,30,62181,70,3,1,4,1,False,True,False,False,False,True,False,True,False,False,False,False
34,10,82166,36,4,3,1,1,True,True,False,False,False,False,False,False,False,False,True,False
55,9,57959,95,4,1,8,1,True,False,False,True,False,False,False,True,False,False,False,False
27,1,79880,88,5,4,6,2,True,False,True,False,False,False,True,False,False,True,False,False
22,1,127495,20,3,5,14,2,True,False,False,False,True,False,False,False,False,True,False,False
38,15,133275,45,2,2,5,1,False,False,False,False,False,False,True,False,True,False,False,False
46,14,123140,82,5,5,9,2,False,False,False,False,True,True,False,True,False,False,False,False
33,5,32508,27,4,3,8,1,True,False,False,True,False,True,False,False,False,True,False,True
32,4,145885,24,5,2,14,1,False,False,False,True,False,True,False,False,True,False,False,False
28,0,124065,7,1,5,12,1,True,False,False,False,False,True,False,True,False,False,False,False
33,4,104073,2,5,4,8,1,False,True,False,False,False,True,False,False,True,False,False,True
35,8,93750,47,1,4,11,1,False,False,False,False,False,False,True,False,False,False,True,True
42,9,139276,49,4,3,7,1,False,False,False,False,False,False,True,False,False,False,True,False
45,5,26383,57,2,2,8,1,False,False,True,False,False,False,False,False,False,False,True,True
30,0,61332,51,1,5,11,1,True,False,True,False,False,False,True,True,False,False,False,True
22,1,44460,26,2,2,12,1,True,False,False,True,False,False,False,False,False,False,True,False
23,2,20121,76,4,2,4,1,False,False,False,False,False,True,False,False,False,False,False,True
21,0,51782,63,3,2,11,1,True,False,False,True,False,True,False,False,False,False,False,True
56,9,29096,54,5,3,6,1,True,False,False,False,True,False,True,False,True,False,False,True
50,8,63224,19,3,5,10,2,True,True,False,False,False,True,False,False,False,False,True,False
40,10,108269,78,5,2,3,1,False,False,False,False,False,False,True,False,True,False,False,True
26,2,41067,25,1,3,10,1,True,False,True,False,False,True,False,False,False,False,True,False
49,16,130819,31,4,4,4,1,False,False,False,False,False,False,True,False,False,True,False,True
36,6,41268,82,1,5,14,2,False,False,False,True,False,True,False,False,False,False,True,False
25,2,108595,36,5,5,2,2,True,False,False,False,False,False,True,True,False,False,False,False
32,3,81626,9,2,3,5,1,True,True,False,False,False,False,False,False,False,False,True,True
55,0,43573,60,3,2,10,1,False,False,True,False,False,False,True,False,False,False,True,True
23,2,20307,84,4,4,8,2,True,False,False,False,False,True,False,False,False,False,False,False
43,15,82312,61,5,3,10,2,False,False,False,True,False,True,False,False,False,True,False,True
47,4,56771,72,2,1,9,0,False,True,False,False,False,False,False,False,True,False,False,False
47,17,120943,2,5,1,5,0,True,False,False,False,True,False,False,False,False,False,False,True
29,0,149768,90,1,2,14,1,True,False,False,True,False,True,False,False,False,False,False,False
51,14,34849,41,2,4,2,1,True,False,False,False,True,False,True,False,True,False,False,False
26,0,45797,31,2,5,9,1,False,False,False,True,False,False,True,False,False,False,True,False
52,21,110319,31,1,2,13,1,True,False,False,False,True,False,False,True,False,False,False,False
24,2,41984,57,3,1,4,0,False,True,False,False,False,False,True,True,False,False,False,False
27,3,53186,39,2,1,8,0,True,True,False,False,False,True,False,False,False,False,True,False
48,17,56536,93,2,4,6,1,False,False,True,False,False,True,False,False,False,False,True,False
31,7,131840,61,5,3,7,1,True,False,False,False,True,True,False,True,False,False,False,False
59,36,95164,65,5,3,2,1,False,False,True,False,False,False,False,False,False,False,True,False
48,24,36861,72,3,1,3,1,False,False,True,False,False,False,False,False,False,False,True,False
31,10,70907,67,5,5,2,2,False,False,True,False,False,False,True,True,False,False,False,True
36,11,138929,47,1,3,7,1,False,False,False,False,False,True,False,False,False,True,False,True
50,16,65144,84,4,3,7,1,False,False,True,False,False,False,True,True,False,False,False,True
35,9,132535,89,4,5,7,2,False,True,False,False,False,False,False,True,False,False,False,True
51,13,44904,36,4,3,9,1,True,False,False,False,True,False,True,False,True,False,False,True
34,6,78669,43,5,2,10,1,True,True,False,False,False,False,False,False,False,False,True,True
48,8,76540,58,3,1,12,1,False,False,True,False,False,False,True,False,False,True,False,False
29,8,68626,31,2,1,4,0,True,False,False,True,False,False,True,False,False,False,False,False
34,13,78889,19,4,2,13,1,False,False,False,False,False,False,False,False,True,False,False,True
27,5,132364,97,3,4,5,1,False,True,False,False,False,False,False,False,False,False,False,True
24,1,65016,10,1,2,10,0,True,False,False,True,False,False,False,False,False,True,False,True
57,9,135954,93,1,5,6,2,False,False,False,False,False,True,False,False,False,True,False,True
37,1,132277,56,5,5,5,2,False,False,False,True,False,False,True,False,False,False,False,False
57,14,62615,86,1,1,12,1,False,False,False,True,False,False,False,False,False,False,False,True
39,15,69213,15,1,2,1,0,True,False,False,False,True,False,True,True,False,False,False,True
36,10,112420,13,2,2,5,0,True,False,False,True,False,False,False,False,False,True,False,True
53,25,40819,47,3,5,8,2,False,False,True,False,False,False,True,False,False,True,False,False
39,3,69476,38,2,1,13,0,True,False,False,True,False,True,False,False,False,False,True,False
27,1,22835,26,3,3,3,1,False,False,False,False,False,False,True,False,False,False,False,True
40,9,29696,29,5,4,3,1,True,False,False,False,True,True,False,False,False,False,False,False
25,1,22846,79,4,5,6,2,True,False,False,True,False,False,True,False,False,True,False,True
44,14,50465,75,1,1,13,1,False,False,False,False,False,False,True,False,False,False,False,False
34,8,92207,10,5,1,3,0,False,False,True,False,False,False,False,False,False,True,False,True
46,14,25072,87,5,5,10,2,True,True,False,False,False,False,False,False,False,False,False,False
49,22,53525,33,4,1,10,1,True,False,False,False,False,True,False,False,False,True,False,True
42,6,130475,12,5,3,4,1,False,True,False,False,False,True,False,False,False,True,False,False
24,1,34624,5,5,5,2,1,True,False,False,False,True,False,True,False,False,False,False,True
33,2,52241,55,4,5,5,2,False,False,False,True,False,True,False,False,False,False,False,False
29,3,127370,44,5,1,5,1,False,False,False,False,True,True,False,False,False,True,False,True
43,6,90418,98,5,3,11,2,True,False,True,False,False,True,False,False,False,True,False,False
31,5,134471,91,1,3,8,1,True,False,True,False,False,True,False,True,False,False,False,False
33,10,75140,52,3,2,6,1,False,False,False,False,False,False,False,False,False,True,False,True
36,3,56517,43,3,5,13,2,False,False,False,True,False,False,False,False,False,False,False,True
55,24,64938,82,1,5,6,2,True,False,False,True,False,False,True,True,False,False,False,False
48,14,27842,66,4,2,13,1,True,False,False,True,False,False,True,False,False,False,True,False
51,25,87611,38,2,2,7,1,True,False,False,True,False,False,True,False,False,False,True,True
42,9,64287,79,3,2,11,1,False,False,False,False,False,False,True,False,False,False,False,True
53,3,84120,2,5,4,13,2,False,False,True,False,False,True,False,False,False,False,True,False
46,7,111715,14,3,4,12,1,True,True,False,False,False,False,True,True,False,False,False,False
31,3,139653,82,3,1,7,1,True,False,True,False,False,False,True,False,False,False,True,False
50,7,90227,71,4,2,8,1,True,True,False,False,False,True,False,False,True,False,False,False
37,8,80978,38,4,5,10,2,False,False,False,True,False,False,False,False,False,True,False,True
24,3,104084,86,5,1,4,1,False,True,False,False,False,False,True,False,False,True,False,False
44,11,148332,3,1,5,7,1,False,False,False,True,False,False,False,False,True,False,False,False
59,11,109291,95,2,5,8,2,False,False,False,True,False,True,False,False,False,False,True,True
52,2,52869,11,4,5,2,1,True,False,False,True,False,False,False,False,False,False,True,False
